Fecha_Captura,Hora_Captura,ID_Canal,Nombre_Canal,Caudal_Flow,Fecha_Reportada,Hora_Reportada
2026-08-17,19:09:30,1,RÍO MAIPO,57300.0,17/08/2026,14:00
2026-08-17,19:09:30,3,REGADOR SCM,11.94,17/08/2026,14:00
2026-08-17,19:09:30,50,BT CANAL SAN CARLOS REGANTES,0.0,17/08/2026,15:00
2026-08-17,19:09:30,20,CANAL EYZAGUIRRE,4800.03,17/08/2026,14:00
2026-08-17,19:09:30,41,CANAL FLORIDA,15200.0,17/08/2026,14:00
2026-08-17,19:09:30,35,CANAL LAS PERDICES,2000.0,17/08/2026,14:00
2026-08-17,19:09:30,37,BT CANAL EL CARMEN,0.0,17/08/2026,14:00
2026-08-17,19:09:30,38,BT CANAL LA PUNTA,0.0,17/08/2026,14:00
2026-08-17,19:09:30,39,CANAL LA PÓLVORA,0.0,17/08/2026,14:00
2026-08-17,20:59:18,1,RÍO MAIPO,57500.0,17/08/2026,16:00
2026-08-17,20:59:18,3,REGADOR SCM,11.98,17/08/2026,16:00
2026-08-17,20:59:18,50,BT CANAL SAN CARLOS REGANTES,27993.19,17/08/2026,16:00
2026-08-17,20:59:18,20,CANAL EYZAGUIRRE,4816.43,17/08/2026,16:00
2026-08-17,20:59:18,41,CANAL FLORIDA,14900.0,17/08/2026,16:00
2026-08-17,20:59:18,35,CANAL LAS PERDICES,2000.0,17/08/2026,16:00
2026-08-17,20:59:18,37,BT CANAL EL CARMEN,0.0,17/08/2026,16:00
2026-08-17,20:59:18,38,BT CANAL LA PUNTA,0.0,17/08/2026,16:00
2026-08-17,20:59:18,39,CANAL LA PÓLVORA,0.0,17/08/2026,16:00
2026-08-17,22:55:03,1,RÍO MAIPO,56600.0,17/08/2026,18:00
2026-08-17,22:55:03,3,REGADOR SCM,11.79,17/08/2026,18:00
2026-08-17,22:55:03,50,BT CANAL SAN CARLOS REGANTES,27217.38,17/08/2026,18:00
2026-08-17,22:55:03,20,CANAL EYZAGUIRRE,4742.61,17/08/2026,18:00
2026-08-17,22:55:03,41,CANAL FLORIDA,14300.0,17/08/2026,18:00
2026-08-17,22:55:03,35,CANAL LAS PERDICES,2000.0,17/08/2026,18:00
2026-08-17,22:55:03,37,BT CANAL EL CARMEN,0.0,17/08/2026,18:00
2026-08-17,22:55:03,38,BT CANAL LA PUNTA,0.0,17/08/2026,18:00
2026-08-17,22:55:03,39,CANAL LA PÓLVORA,0.0,17/08/2026,18:00
2026-08-17,23:50:25,1,RÍO MAIPO,56600.0,17/08/2026,20:00
2026-08-17,23:50:25,3,REGADOR SCM,11.79,17/08/2026,20:00
2026-08-17,23:50:25,50,BT CANAL SAN CARLOS REGANTES,27217.38,17/08/2026,20:00
2026-08-17,23:50:25,20,CANAL EYZAGUIRRE,4742.61,17/08/2026,20:00
2026-08-17,23:50:25,41,CANAL FLORIDA,14300.0,17/08/2026,20:00
2026-08-17,23:50:25,35,CANAL LAS PERDICES,2000.0,17/08/2026,20:00
2026-08-17,23:50:25,37,BT CANAL EL CARMEN,0.0,17/08/2026,20:00
2026-08-17,23:50:25,38,BT CANAL LA PUNTA,0.0,17/08/2026,20:00
2026-08-17,23:50:25,39,CANAL LA PÓLVORA,0.0,17/08/2026,20:00
2026-08-18,03:11:51,50,BT CANAL SAN CARLOS REGANTES,0.0,17/08/2026,23:00
2026-08-18,05:17:11,1,RÍO MAIPO,56100.0,17/08/2026,22:00
2026-08-18,05:17:11,3,REGADOR SCM,11.69,17/08/2026,22:00
2026-08-18,05:17:11,50,BT CANAL SAN CARLOS REGANTES,0.0,18/08/2026,01:00
2026-08-18,05:17:11,20,CANAL EYZAGUIRRE,4701.6,17/08/2026,22:00
2026-08-18,05:17:11,41,CANAL FLORIDA,15200.0,17/08/2026,22:00
2026-08-18,05:17:11,35,CANAL LAS PERDICES,2000.0,17/08/2026,22:00
2026-08-18,05:17:11,37,BT CANAL EL CARMEN,0.0,17/08/2026,22:00
2026-08-18,05:17:11,38,BT CANAL LA PUNTA,0.0,17/08/2026,22:00
2026-08-18,05:17:11,39,CANAL LA PÓLVORA,0.0,17/08/2026,22:00
2026-08-18,07:58:56,50,BT CANAL SAN CARLOS REGANTES,0.0,18/08/2026,03:00
2026-08-18,09:53:17,1,RÍO MAIPO,55700.0,18/08/2026,02:00
2026-08-18,09:53:17,3,REGADOR SCM,11.6,18/08/2026,02:00
2026-08-18,09:53:17,50,BT CANAL SAN CARLOS REGANTES,0.0,18/08/2026,05:00
2026-08-18,09:53:17,20,CANAL EYZAGUIRRE,4668.79,18/08/2026,02:00
2026-08-18,09:53:17,41,CANAL FLORIDA,14700.0,18/08/2026,02:00
2026-08-18,09:53:17,35,CANAL LAS PERDICES,2000.0,18/08/2026,02:00
2026-08-18,09:53:17,37,BT CANAL EL CARMEN,0.0,18/08/2026,02:00
2026-08-18,09:53:17,38,BT CANAL LA PUNTA,0.0,18/08/2026,02:00
2026-08-18,09:53:17,39,CANAL LA PÓLVORA,0.0,18/08/2026,02:00
2026-08-18,11:00:18,50,BT CANAL SAN CARLOS REGANTES,0.0,18/08/2026,07:00
2026-08-18,14:07:08,50,BT CANAL SAN CARLOS REGANTES,0.0,18/08/2026,10:00
2026-08-18,16:02:12,1,RÍO MAIPO,53500.0,18/08/2026,06:00
2026-08-18,16:02:12,3,REGADOR SCM,11.14,18/08/2026,06:00
2026-08-18,16:02:12,50,BT CANAL SAN CARLOS REGANTES,0.0,18/08/2026,12:00
2026-08-18,16:02:12,20,CANAL EYZAGUIRRE,4488.33,18/08/2026,06:00
2026-08-18,16:02:12,41,CANAL FLORIDA,14200.0,18/08/2026,06:00
2026-08-18,16:02:12,35,CANAL LAS PERDICES,2000.0,18/08/2026,06:00
2026-08-18,16:02:12,37,BT CANAL EL CARMEN,0.0,18/08/2026,06:00
2026-08-18,16:02:12,38,BT CANAL LA PUNTA,0.0,18/08/2026,06:00
2026-08-18,16:02:12,39,CANAL LA PÓLVORA,0.0,18/08/2026,06:00
2026-08-18,19:17:57,1,RÍO MAIPO,52200.0,18/08/2026,14:00
2026-08-18,19:17:57,3,REGADOR SCM,10.87,18/08/2026,14:00
2026-08-18,19:17:57,50,BT CANAL SAN CARLOS REGANTES,0.0,18/08/2026,15:00
2026-08-18,19:17:57,20,CANAL EYZAGUIRRE,4381.7,18/08/2026,14:00
2026-08-18,19:17:57,41,CANAL FLORIDA,13100.0,18/08/2026,14:00
2026-08-18,19:17:57,35,CANAL LAS PERDICES,2000.0,18/08/2026,14:00
2026-08-18,19:17:57,37,BT CANAL EL CARMEN,0.0,18/08/2026,14:00
2026-08-18,19:17:57,38,BT CANAL LA PUNTA,800.0,18/08/2026,14:00
2026-08-18,19:17:57,39,CANAL LA PÓLVORA,0.0,18/08/2026,14:00
2026-08-18,20:53:34,1,RÍO MAIPO,51500.0,18/08/2026,16:00
2026-08-18,20:53:34,3,REGADOR SCM,10.73,18/08/2026,16:00
2026-08-18,20:53:34,50,BT CANAL SAN CARLOS REGANTES,23387.81,18/08/2026,16:00
2026-08-18,20:53:34,20,CANAL EYZAGUIRRE,4324.28,18/08/2026,16:00
2026-08-18,20:53:34,41,CANAL FLORIDA,12700.0,18/08/2026,16:00
2026-08-18,20:53:34,35,CANAL LAS PERDICES,2000.0,18/08/2026,16:00
2026-08-18,20:53:34,37,BT CANAL EL CARMEN,0.0,18/08/2026,16:00
2026-08-18,20:53:34,38,BT CANAL LA PUNTA,800.0,18/08/2026,16:00
2026-08-18,20:53:34,39,CANAL LA PÓLVORA,0.0,18/08/2026,16:00
2026-08-18,22:55:15,1,RÍO MAIPO,51500.0,18/08/2026,18:00
2026-08-18,22:55:15,3,REGADOR SCM,10.73,18/08/2026,18:00
2026-08-18,22:55:15,50,BT CANAL SAN CARLOS REGANTES,23487.81,18/08/2026,18:00
2026-08-18,22:55:15,20,CANAL EYZAGUIRRE,4324.28,18/08/2026,18:00
2026-08-18,22:55:15,41,CANAL FLORIDA,12700.0,18/08/2026,18:00
2026-08-18,22:55:15,35,CANAL LAS PERDICES,2000.0,18/08/2026,18:00
2026-08-18,22:55:15,37,BT CANAL EL CARMEN,0.0,18/08/2026,18:00
2026-08-18,22:55:15,38,BT CANAL LA PUNTA,800.0,18/08/2026,18:00
2026-08-18,22:55:15,39,CANAL LA PÓLVORA,0.0,18/08/2026,18:00
2026-08-19,03:14:07,50,BT CANAL SAN CARLOS REGANTES,0.0,18/08/2026,23:00
2026-08-19,05:16:32,1,RÍO MAIPO,52700.0,18/08/2026,22:00
2026-08-19,05:16:32,3,REGADOR SCM,10.98,18/08/2026,22:00
2026-08-19,05:16:32,50,BT CANAL SAN CARLOS REGANTES,0.0,19/08/2026,01:00
2026-08-19,05:16:32,20,CANAL EYZAGUIRRE,4422.71,18/08/2026,22:00
2026-08-19,05:16:32,41,CANAL FLORIDA,12900.0,18/08/2026,22:00
2026-08-19,05:16:32,35,CANAL LAS PERDICES,2000.0,18/08/2026,22:00
2026-08-19,05:16:32,37,BT CANAL EL CARMEN,0.0,18/08/2026,22:00
2026-08-19,05:16:32,38,BT CANAL LA PUNTA,800.0,18/08/2026,22:00
2026-08-19,05:16:32,39,CANAL LA PÓLVORA,0.0,18/08/2026,22:00
2026-08-19,07:58:20,1,RÍO MAIPO,53200.0,19/08/2026,02:00
2026-08-19,07:58:20,3,REGADOR SCM,11.08,19/08/2026,02:00
2026-08-19,07:58:20,50,BT CANAL SAN CARLOS REGANTES,0.0,19/08/2026,03:00
2026-08-19,07:58:20,20,CANAL EYZAGUIRRE,4463.73,19/08/2026,02:00
2026-08-19,07:58:20,41,CANAL FLORIDA,13700.0,19/08/2026,02:00
2026-08-19,07:58:20,35,CANAL LAS PERDICES,2000.0,19/08/2026,02:00
2026-08-19,07:58:20,37,BT CANAL EL CARMEN,0.0,19/08/2026,02:00
2026-08-19,07:58:20,38,BT CANAL LA PUNTA,800.0,19/08/2026,02:00
2026-08-19,07:58:20,39,CANAL LA PÓLVORA,0.0,19/08/2026,02:00
2026-08-19,09:27:56,1,RÍO MAIPO,53500.0,19/08/2026,04:00
2026-08-19,09:27:56,3,REGADOR SCM,11.14,19/08/2026,04:00
2026-08-19,09:27:56,50,BT CANAL SAN CARLOS REGANTES,0.0,19/08/2026,05:00
2026-08-19,09:27:56,20,CANAL EYZAGUIRRE,4488.33,19/08/2026,04:00
2026-08-19,09:27:56,41,CANAL FLORIDA,13500.0,19/08/2026,04:00
2026-08-19,09:27:56,35,CANAL LAS PERDICES,2000.0,19/08/2026,04:00
2026-08-19,09:27:56,37,BT CANAL EL CARMEN,0.0,19/08/2026,04:00
2026-08-19,09:27:56,38,BT CANAL LA PUNTA,800.0,19/08/2026,04:00
2026-08-19,09:27:56,39,CANAL LA PÓLVORA,0.0,19/08/2026,04:00
2026-08-19,10:58:48,50,BT CANAL SAN CARLOS REGANTES,24570.96,19/08/2026,06:00
2026-08-19,14:05:52,50,BT CANAL SAN CARLOS REGANTES,0.0,19/08/2026,10:00
2026-08-19,17:00:28,1,RÍO MAIPO,51300.0,19/08/2026,06:00
2026-08-19,17:00:28,3,REGADOR SCM,10.69,19/08/2026,06:00
2026-08-19,17:00:28,50,BT CANAL SAN CARLOS REGANTES,0.0,19/08/2026,13:00
2026-08-19,17:00:28,20,CANAL EYZAGUIRRE,4307.88,19/08/2026,06:00
2026-08-19,17:00:28,41,CANAL FLORIDA,14400.0,19/08/2026,06:00
2026-08-19,17:00:28,35,CANAL LAS PERDICES,2000.0,19/08/2026,06:00
2026-08-19,17:00:28,37,BT CANAL EL CARMEN,0.0,19/08/2026,06:00
2026-08-19,17:00:28,38,BT CANAL LA PUNTA,800.0,19/08/2026,06:00
2026-08-19,17:00:28,39,CANAL LA PÓLVORA,0.0,19/08/2026,06:00
2026-08-19,19:12:16,1,RÍO MAIPO,45800.0,19/08/2026,14:00
2026-08-19,19:12:16,3,REGADOR SCM,9.54,19/08/2026,14:00
2026-08-19,19:12:16,50,BT CANAL SAN CARLOS REGANTES,0.0,19/08/2026,15:00
2026-08-19,19:12:16,20,CANAL EYZAGUIRRE,3856.74,19/08/2026,14:00
2026-08-19,19:12:16,41,CANAL FLORIDA,9200.0,19/08/2026,14:00
2026-08-19,19:12:16,35,CANAL LAS PERDICES,2000.0,19/08/2026,14:00
2026-08-19,19:12:16,37,BT CANAL EL CARMEN,0.0,19/08/2026,14:00
2026-08-19,19:12:16,38,BT CANAL LA PUNTA,800.0,19/08/2026,14:00
2026-08-19,19:12:16,39,CANAL LA PÓLVORA,0.0,19/08/2026,14:00
2026-08-19,20:58:23,1,RÍO MAIPO,47900.0,19/08/2026,16:00
2026-08-19,20:58:23,3,REGADOR SCM,9.98,19/08/2026,16:00
2026-08-19,20:58:23,50,BT CANAL SAN CARLOS REGANTES,24984.58,19/08/2026,16:00
2026-08-19,20:58:23,20,CANAL EYZAGUIRRE,4028.99,19/08/2026,16:00
2026-08-19,20:58:23,41,CANAL FLORIDA,13600.0,19/08/2026,16:00
2026-08-19,20:58:23,35,CANAL LAS PERDICES,2000.0,19/08/2026,16:00
2026-08-19,20:58:23,37,BT CANAL EL CARMEN,0.0,19/08/2026,16:00
2026-08-19,20:58:23,38,BT CANAL LA PUNTA,800.0,19/08/2026,16:00
2026-08-19,20:58:23,39,CANAL LA PÓLVORA,0.0,19/08/2026,16:00
2026-08-19,22:54:32,1,RÍO MAIPO,51500.0,19/08/2026,18:00
2026-08-19,22:54:32,3,REGADOR SCM,10.73,19/08/2026,18:00
2026-08-19,22:54:32,50,BT CANAL SAN CARLOS REGANTES,27487.81,19/08/2026,18:00
2026-08-19,22:54:32,20,CANAL EYZAGUIRRE,4324.28,19/08/2026,18:00
2026-08-19,22:54:32,41,CANAL FLORIDA,12600.0,19/08/2026,18:00
2026-08-19,22:54:32,35,CANAL LAS PERDICES,2000.0,19/08/2026,18:00
2026-08-19,22:54:32,37,BT CANAL EL CARMEN,0.0,19/08/2026,18:00
2026-08-19,22:54:32,38,BT CANAL LA PUNTA,800.0,19/08/2026,18:00
2026-08-19,22:54:32,39,CANAL LA PÓLVORA,0.0,19/08/2026,18:00
2026-08-20,03:12:48,50,BT CANAL SAN CARLOS REGANTES,0.0,19/08/2026,23:00
2026-08-20,05:18:15,1,RÍO MAIPO,52200.0,19/08/2026,22:00
2026-08-20,05:18:15,3,REGADOR SCM,10.87,19/08/2026,22:00
2026-08-20,05:18:15,50,BT CANAL SAN CARLOS REGANTES,0.0,20/08/2026,01:00
2026-08-20,05:18:15,20,CANAL EYZAGUIRRE,4381.7,19/08/2026,22:00
2026-08-20,05:18:15,41,CANAL FLORIDA,16500.0,19/08/2026,22:00
2026-08-20,05:18:15,35,CANAL LAS PERDICES,2000.0,19/08/2026,22:00
2026-08-20,05:18:15,37,BT CANAL EL CARMEN,0.0,19/08/2026,22:00
2026-08-20,05:18:15,38,BT CANAL LA PUNTA,800.0,19/08/2026,22:00
2026-08-20,05:18:15,39,CANAL LA PÓLVORA,0.0,19/08/2026,22:00
2026-08-20,08:03:19,1,RÍO MAIPO,51000.0,20/08/2026,02:00
2026-08-20,08:03:19,3,REGADOR SCM,10.62,20/08/2026,02:00
2026-08-20,08:03:19,50,BT CANAL SAN CARLOS REGANTES,0.0,20/08/2026,04:00
2026-08-20,08:03:19,20,CANAL EYZAGUIRRE,4283.27,20/08/2026,02:00
2026-08-20,08:03:19,41,CANAL FLORIDA,13900.0,20/08/2026,02:00
2026-08-20,08:03:19,35,CANAL LAS PERDICES,2000.0,20/08/2026,02:00
2026-08-20,08:03:19,37,BT CANAL EL CARMEN,0.0,20/08/2026,02:00
2026-08-20,08:03:19,38,BT CANAL LA PUNTA,800.0,20/08/2026,02:00
2026-08-20,08:03:19,39,CANAL LA PÓLVORA,0.0,20/08/2026,02:00
2026-08-20,11:01:59,1,RÍO MAIPO,50900.0,20/08/2026,06:00
2026-08-20,11:01:59,3,REGADOR SCM,10.6,20/08/2026,06:00
2026-08-20,11:01:59,50,BT CANAL SAN CARLOS REGANTES,0.0,20/08/2026,07:00
2026-08-20,11:01:59,20,CANAL EYZAGUIRRE,4275.07,20/08/2026,06:00
2026-08-20,11:01:59,41,CANAL FLORIDA,13700.0,20/08/2026,06:00
2026-08-20,11:01:59,35,CANAL LAS PERDICES,2000.0,20/08/2026,06:00
2026-08-20,11:01:59,37,BT CANAL EL CARMEN,0.0,20/08/2026,06:00
2026-08-20,11:01:59,38,BT CANAL LA PUNTA,800.0,20/08/2026,06:00
2026-08-20,11:01:59,39,CANAL LA PÓLVORA,0.0,20/08/2026,06:00
2026-08-20,14:09:00,1,RÍO MAIPO,50300.0,20/08/2026,08:00
2026-08-20,14:09:00,3,REGADOR SCM,10.48,20/08/2026,08:00
2026-08-20,14:09:00,50,BT CANAL SAN CARLOS REGANTES,0.0,20/08/2026,10:00
2026-08-20,14:09:00,20,CANAL EYZAGUIRRE,4225.85,20/08/2026,08:00
2026-08-20,14:09:00,41,CANAL FLORIDA,13200.0,20/08/2026,08:00
2026-08-20,14:09:00,35,CANAL LAS PERDICES,2000.0,20/08/2026,08:00
2026-08-20,14:09:00,37,BT CANAL EL CARMEN,0.0,20/08/2026,08:00
2026-08-20,14:09:00,38,BT CANAL LA PUNTA,800.0,20/08/2026,08:00
2026-08-20,14:09:00,39,CANAL LA PÓLVORA,0.0,20/08/2026,08:00
2026-08-20,17:06:01,1,RÍO MAIPO,48300.0,20/08/2026,12:00
2026-08-20,17:06:01,3,REGADOR SCM,10.06,20/08/2026,12:00
2026-08-20,17:06:01,50,BT CANAL SAN CARLOS REGANTES,0.0,20/08/2026,13:00
2026-08-20,17:06:01,20,CANAL EYZAGUIRRE,4061.8,20/08/2026,12:00
2026-08-20,17:06:01,41,CANAL FLORIDA,14700.0,20/08/2026,12:00
2026-08-20,17:06:01,35,CANAL LAS PERDICES,2000.0,20/08/2026,12:00
2026-08-20,17:06:01,37,BT CANAL EL CARMEN,0.0,20/08/2026,12:00
2026-08-20,17:06:01,38,BT CANAL LA PUNTA,800.0,20/08/2026,12:00
2026-08-20,17:06:01,39,CANAL LA PÓLVORA,0.0,20/08/2026,12:00
2026-08-20,19:43:59,1,RÍO MAIPO,46600.0,20/08/2026,14:00
2026-08-20,19:43:59,3,REGADOR SCM,9.71,20/08/2026,14:00
2026-08-20,19:43:59,50,BT CANAL SAN CARLOS REGANTES,0.0,20/08/2026,15:00
2026-08-20,19:43:59,20,CANAL EYZAGUIRRE,3922.36,20/08/2026,14:00
2026-08-20,19:43:59,41,CANAL FLORIDA,10700.0,20/08/2026,14:00
2026-08-20,19:43:59,35,CANAL LAS PERDICES,2000.0,20/08/2026,14:00
2026-08-20,19:43:59,37,BT CANAL EL CARMEN,0.0,20/08/2026,14:00
2026-08-20,19:43:59,38,BT CANAL LA PUNTA,800.0,20/08/2026,14:00
2026-08-20,19:43:59,39,CANAL LA PÓLVORA,0.0,20/08/2026,14:00
2026-08-20,21:01:57,1,RÍO MAIPO,47600.0,20/08/2026,16:00
2026-08-20,21:01:57,3,REGADOR SCM,9.92,20/08/2026,16:00
2026-08-20,21:01:57,50,BT CANAL SAN CARLOS REGANTES,0.0,20/08/2026,17:00
2026-08-20,21:01:57,20,CANAL EYZAGUIRRE,4004.39,20/08/2026,16:00
2026-08-20,21:01:57,41,CANAL FLORIDA,9100.0,20/08/2026,16:00
2026-08-20,21:01:57,35,CANAL LAS PERDICES,2000.0,20/08/2026,16:00
2026-08-20,21:01:57,37,BT CANAL EL CARMEN,0.0,20/08/2026,16:00
2026-08-20,21:01:57,38,BT CANAL LA PUNTA,800.0,20/08/2026,16:00
2026-08-20,21:01:57,39,CANAL LA PÓLVORA,0.0,20/08/2026,16:00
2026-08-20,23:00:07,1,RÍO MAIPO,47800.0,20/08/2026,18:00
2026-08-20,23:00:07,3,REGADOR SCM,9.96,20/08/2026,18:00
2026-08-20,23:00:07,50,BT CANAL SAN CARLOS REGANTES,0.0,20/08/2026,19:00
2026-08-20,23:00:07,20,CANAL EYZAGUIRRE,4020.79,20/08/2026,18:00
2026-08-20,23:00:07,41,CANAL FLORIDA,13100.0,20/08/2026,18:00
2026-08-20,23:00:07,35,CANAL LAS PERDICES,2000.0,20/08/2026,18:00
2026-08-20,23:00:07,37,BT CANAL EL CARMEN,0.0,20/08/2026,18:00
2026-08-20,23:00:07,38,BT CANAL LA PUNTA,800.0,20/08/2026,18:00
2026-08-20,23:00:07,39,CANAL LA PÓLVORA,0.0,20/08/2026,18:00
2026-08-21,03:30:48,50,BT CANAL SAN CARLOS REGANTES,0.0,20/08/2026,23:00
2026-08-21,05:20:18,1,RÍO MAIPO,47600.0,20/08/2026,22:00
2026-08-21,05:20:18,3,REGADOR SCM,9.92,20/08/2026,22:00
2026-08-21,05:20:18,50,BT CANAL SAN CARLOS REGANTES,0.0,21/08/2026,01:00
2026-08-21,05:20:18,20,CANAL EYZAGUIRRE,4004.39,20/08/2026,22:00
2026-08-21,05:20:18,41,CANAL FLORIDA,11700.0,20/08/2026,22:00
2026-08-21,05:20:18,35,CANAL LAS PERDICES,2000.0,20/08/2026,22:00
2026-08-21,05:20:18,37,BT CANAL EL CARMEN,0.0,20/08/2026,22:00
2026-08-21,05:20:18,38,BT CANAL LA PUNTA,800.0,20/08/2026,22:00
2026-08-21,05:20:18,39,CANAL LA PÓLVORA,0.0,20/08/2026,22:00
2026-08-21,08:04:14,1,RÍO MAIPO,54200.0,21/08/2026,02:00
2026-08-21,08:04:14,3,REGADOR SCM,11.29,21/08/2026,02:00
2026-08-21,08:04:14,50,BT CANAL SAN CARLOS REGANTES,0.0,21/08/2026,04:00
2026-08-21,08:04:14,20,CANAL EYZAGUIRRE,4545.75,21/08/2026,02:00
2026-08-21,08:04:14,41,CANAL FLORIDA,16200.0,21/08/2026,02:00
2026-08-21,08:04:14,35,CANAL LAS PERDICES,2000.0,21/08/2026,02:00
2026-08-21,08:04:14,37,BT CANAL EL CARMEN,0.0,21/08/2026,02:00
2026-08-21,08:04:14,38,BT CANAL LA PUNTA,800.0,21/08/2026,02:00
2026-08-21,08:04:14,39,CANAL LA PÓLVORA,0.0,21/08/2026,02:00
2026-08-21,11:02:05,1,RÍO MAIPO,51100.0,21/08/2026,06:00
2026-08-21,11:02:05,3,REGADOR SCM,10.64,21/08/2026,06:00
2026-08-21,11:02:05,50,BT CANAL SAN CARLOS REGANTES,0.0,21/08/2026,07:00
2026-08-21,11:02:05,20,CANAL EYZAGUIRRE,4291.47,21/08/2026,06:00
2026-08-21,11:02:05,41,CANAL FLORIDA,14900.0,21/08/2026,06:00
2026-08-21,11:02:05,35,CANAL LAS PERDICES,2000.0,21/08/2026,06:00
2026-08-21,11:02:05,37,BT CANAL EL CARMEN,0.0,21/08/2026,06:00
2026-08-21,11:02:05,38,BT CANAL LA PUNTA,800.0,21/08/2026,06:00
2026-08-21,11:02:05,39,CANAL LA PÓLVORA,0.0,21/08/2026,06:00
2026-08-21,14:06:04,1,RÍO MAIPO,49900.0,21/08/2026,08:00
2026-08-21,14:06:04,3,REGADOR SCM,10.39,21/08/2026,08:00
2026-08-21,14:06:04,50,BT CANAL SAN CARLOS REGANTES,0.0,21/08/2026,10:00
2026-08-21,14:06:04,20,CANAL EYZAGUIRRE,4193.04,21/08/2026,08:00
2026-08-21,14:06:04,41,CANAL FLORIDA,13800.0,21/08/2026,08:00
2026-08-21,14:06:04,35,CANAL LAS PERDICES,2000.0,21/08/2026,08:00
2026-08-21,14:06:04,37,BT CANAL EL CARMEN,0.0,21/08/2026,08:00
2026-08-21,14:06:04,38,BT CANAL LA PUNTA,800.0,21/08/2026,08:00
2026-08-21,14:06:04,39,CANAL LA PÓLVORA,0.0,21/08/2026,08:00
2026-08-21,17:06:08,1,RÍO MAIPO,49100.0,21/08/2026,10:00
2026-08-21,17:06:08,3,REGADOR SCM,10.23,21/08/2026,10:00
2026-08-21,17:06:08,50,BT CANAL SAN CARLOS REGANTES,0.0,21/08/2026,13:00
2026-08-21,17:06:08,20,CANAL EYZAGUIRRE,4127.42,21/08/2026,10:00
2026-08-21,17:06:08,41,CANAL FLORIDA,12900.0,21/08/2026,10:00
2026-08-21,17:06:08,35,CANAL LAS PERDICES,2000.0,21/08/2026,10:00
2026-08-21,17:06:08,37,BT CANAL EL CARMEN,0.0,21/08/2026,10:00
2026-08-21,17:06:08,38,BT CANAL LA PUNTA,800.0,21/08/2026,10:00
2026-08-21,17:06:08,39,CANAL LA PÓLVORA,0.0,21/08/2026,10:00
2026-08-21,19:16:00,1,RÍO MAIPO,49000.0,21/08/2026,14:00
2026-08-21,19:16:00,3,REGADOR SCM,10.21,21/08/2026,14:00
2026-08-21,19:16:00,50,BT CANAL SAN CARLOS REGANTES,0.0,21/08/2026,15:00
2026-08-21,19:16:00,20,CANAL EYZAGUIRRE,4119.22,21/08/2026,14:00
2026-08-21,19:16:00,41,CANAL FLORIDA,12200.0,21/08/2026,14:00
2026-08-21,19:16:00,35,CANAL LAS PERDICES,2000.0,21/08/2026,14:00
2026-08-21,19:16:00,37,BT CANAL EL CARMEN,0.0,21/08/2026,14:00
2026-08-21,19:16:00,38,BT CANAL LA PUNTA,800.0,21/08/2026,14:00
2026-08-21,19:16:00,39,CANAL LA PÓLVORA,0.0,21/08/2026,14:00
2026-08-21,20:53:48,1,RÍO MAIPO,47600.0,21/08/2026,16:00
2026-08-21,20:53:48,3,REGADOR SCM,9.92,21/08/2026,16:00
2026-08-21,20:53:48,50,BT CANAL SAN CARLOS REGANTES,23359.31,21/08/2026,16:00
2026-08-21,20:53:48,20,CANAL EYZAGUIRRE,4004.39,21/08/2026,16:00
2026-08-21,20:53:48,41,CANAL FLORIDA,12000.0,21/08/2026,16:00
2026-08-21,20:53:48,35,CANAL LAS PERDICES,2000.0,21/08/2026,16:00
2026-08-21,20:53:48,37,BT CANAL EL CARMEN,0.0,21/08/2026,16:00
2026-08-21,20:53:48,38,BT CANAL LA PUNTA,800.0,21/08/2026,16:00
2026-08-21,20:53:48,39,CANAL LA PÓLVORA,0.0,21/08/2026,16:00
2026-08-21,22:54:51,1,RÍO MAIPO,48900.0,21/08/2026,18:00
2026-08-21,22:54:51,3,REGADOR SCM,10.19,21/08/2026,18:00
2026-08-21,22:54:51,50,BT CANAL SAN CARLOS REGANTES,24468.81,21/08/2026,18:00
2026-08-21,22:54:51,20,CANAL EYZAGUIRRE,4111.02,21/08/2026,18:00
2026-08-21,22:54:51,41,CANAL FLORIDA,11300.0,21/08/2026,18:00
2026-08-21,22:54:51,35,CANAL LAS PERDICES,2000.0,21/08/2026,18:00
2026-08-21,22:54:51,37,BT CANAL EL CARMEN,0.0,21/08/2026,18:00
2026-08-21,22:54:51,38,BT CANAL LA PUNTA,800.0,21/08/2026,18:00
2026-08-21,22:54:51,39,CANAL LA PÓLVORA,0.0,21/08/2026,18:00
2026-08-22,03:07:58,50,BT CANAL SAN CARLOS REGANTES,0.0,21/08/2026,23:00
2026-08-22,05:04:09,50,BT CANAL SAN CARLOS REGANTES,0.0,22/08/2026,01:00
2026-08-22,07:45:26,1,RÍO MAIPO,51200.0,21/08/2026,20:00
2026-08-22,07:45:26,3,REGADOR SCM,10.67,21/08/2026,20:00
2026-08-22,07:45:26,50,BT CANAL SAN CARLOS REGANTES,0.0,22/08/2026,03:00
2026-08-22,07:45:26,20,CANAL EYZAGUIRRE,4299.68,21/08/2026,20:00
2026-08-22,07:45:26,41,CANAL FLORIDA,13000.0,21/08/2026,20:00
2026-08-22,07:45:26,35,CANAL LAS PERDICES,2000.0,21/08/2026,20:00
2026-08-22,07:45:26,37,BT CANAL EL CARMEN,0.0,21/08/2026,20:00
2026-08-22,07:45:26,38,BT CANAL LA PUNTA,800.0,21/08/2026,20:00
2026-08-22,07:45:26,39,CANAL LA PÓLVORA,0.0,21/08/2026,20:00
2026-08-22,09:02:33,1,RÍO MAIPO,51800.0,22/08/2026,04:00
2026-08-22,09:02:33,3,REGADOR SCM,10.79,22/08/2026,04:00
2026-08-22,09:02:33,50,BT CANAL SAN CARLOS REGANTES,0.0,22/08/2026,05:00
2026-08-22,09:02:33,20,CANAL EYZAGUIRRE,4348.89,22/08/2026,04:00
2026-08-22,09:02:33,41,CANAL FLORIDA,15100.0,22/08/2026,04:00
2026-08-22,09:02:33,35,CANAL LAS PERDICES,2000.0,22/08/2026,04:00
2026-08-22,09:02:33,37,BT CANAL EL CARMEN,0.0,22/08/2026,04:00
2026-08-22,09:02:33,38,BT CANAL LA PUNTA,800.0,22/08/2026,04:00
2026-08-22,09:02:33,39,CANAL LA PÓLVORA,0.0,22/08/2026,04:00
2026-08-22,10:53:03,50,BT CANAL SAN CARLOS REGANTES,25570.96,22/08/2026,06:00
2026-08-22,13:43:13,50,BT CANAL SAN CARLOS REGANTES,0.0,22/08/2026,09:00
2026-08-22,14:50:47,50,BT CANAL SAN CARLOS REGANTES,0.0,22/08/2026,10:00
2026-08-22,16:54:27,1,RÍO MAIPO,51300.0,22/08/2026,06:00
2026-08-22,16:54:27,3,REGADOR SCM,10.69,22/08/2026,06:00
2026-08-22,16:54:27,50,BT CANAL SAN CARLOS REGANTES,0.0,22/08/2026,12:00
2026-08-22,16:54:27,20,CANAL EYZAGUIRRE,4307.88,22/08/2026,06:00
2026-08-22,16:54:27,41,CANAL FLORIDA,14200.0,22/08/2026,06:00
2026-08-22,16:54:27,35,CANAL LAS PERDICES,2000.0,22/08/2026,06:00
2026-08-22,16:54:27,37,BT CANAL EL CARMEN,0.0,22/08/2026,06:00
2026-08-22,16:54:27,38,BT CANAL LA PUNTA,800.0,22/08/2026,06:00
2026-08-22,16:54:27,39,CANAL LA PÓLVORA,0.0,22/08/2026,06:00
2026-08-22,19:02:29,50,BT CANAL SAN CARLOS REGANTES,0.0,22/08/2026,15:00
2026-08-22,20:52:10,50,BT CANAL SAN CARLOS REGANTES,0.0,22/08/2026,16:00
2026-08-22,22:51:23,1,RÍO MAIPO,50500.0,22/08/2026,14:00
2026-08-22,22:51:23,3,REGADOR SCM,10.52,22/08/2026,14:00
2026-08-22,22:51:23,50,BT CANAL SAN CARLOS REGANTES,0.0,22/08/2026,18:00
2026-08-22,22:51:23,20,CANAL EYZAGUIRRE,4242.26,22/08/2026,14:00
2026-08-22,22:51:23,41,CANAL FLORIDA,13700.0,22/08/2026,14:00
2026-08-22,22:51:23,35,CANAL LAS PERDICES,2000.0,22/08/2026,14:00
2026-08-22,22:51:23,37,BT CANAL EL CARMEN,0.0,22/08/2026,14:00
2026-08-22,22:51:23,38,BT CANAL LA PUNTA,800.0,22/08/2026,14:00
2026-08-22,22:51:23,39,CANAL LA PÓLVORA,0.0,22/08/2026,14:00
2026-08-23,03:30:05,50,BT CANAL SAN CARLOS REGANTES,0.0,22/08/2026,23:00
2026-08-23,05:16:00,1,RÍO MAIPO,50400.0,22/08/2026,22:00
2026-08-23,05:16:00,3,REGADOR SCM,10.5,22/08/2026,22:00
2026-08-23,05:16:00,50,BT CANAL SAN CARLOS REGANTES,0.0,23/08/2026,01:00
2026-08-23,05:16:00,20,CANAL EYZAGUIRRE,4234.06,22/08/2026,22:00
2026-08-23,05:16:00,41,CANAL FLORIDA,11700.0,22/08/2026,22:00
2026-08-23,05:16:00,35,CANAL LAS PERDICES,2000.0,22/08/2026,22:00
2026-08-23,05:16:00,37,BT CANAL EL CARMEN,0.0,22/08/2026,22:00
2026-08-23,05:16:00,38,BT CANAL LA PUNTA,800.0,22/08/2026,22:00
2026-08-23,05:16:00,39,CANAL LA PÓLVORA,0.0,22/08/2026,22:00
2026-08-23,07:47:31,1,RÍO MAIPO,53000.0,23/08/2026,02:00
2026-08-23,07:47:31,3,REGADOR SCM,11.04,23/08/2026,02:00
2026-08-23,07:47:31,50,BT CANAL SAN CARLOS REGANTES,0.0,23/08/2026,03:00
2026-08-23,07:47:31,20,CANAL EYZAGUIRRE,4447.32,23/08/2026,02:00
2026-08-23,07:47:31,41,CANAL FLORIDA,13800.0,23/08/2026,02:00
2026-08-23,07:47:31,35,CANAL LAS PERDICES,2000.0,23/08/2026,02:00
2026-08-23,07:47:31,37,BT CANAL EL CARMEN,0.0,23/08/2026,02:00
2026-08-23,07:47:31,38,BT CANAL LA PUNTA,800.0,23/08/2026,02:00
2026-08-23,07:47:31,39,CANAL LA PÓLVORA,0.0,23/08/2026,02:00
2026-08-23,09:01:43,1,RÍO MAIPO,52800.0,23/08/2026,04:00
2026-08-23,09:01:43,3,REGADOR SCM,11.0,23/08/2026,04:00
2026-08-23,09:01:43,50,BT CANAL SAN CARLOS REGANTES,0.0,23/08/2026,05:00
2026-08-23,09:01:43,20,CANAL EYZAGUIRRE,4430.92,23/08/2026,04:00
2026-08-23,09:01:43,41,CANAL FLORIDA,15600.0,23/08/2026,04:00
2026-08-23,09:01:43,35,CANAL LAS PERDICES,2000.0,23/08/2026,04:00
2026-08-23,09:01:43,37,BT CANAL EL CARMEN,0.0,23/08/2026,04:00
2026-08-23,09:01:43,38,BT CANAL LA PUNTA,800.0,23/08/2026,04:00
2026-08-23,09:01:43,39,CANAL LA PÓLVORA,0.0,23/08/2026,04:00
2026-08-23,10:52:54,1,RÍO MAIPO,51200.0,23/08/2026,06:00
2026-08-23,10:52:54,3,REGADOR SCM,10.67,23/08/2026,06:00
2026-08-23,10:52:54,50,BT CANAL SAN CARLOS REGANTES,24362.54,23/08/2026,06:00
2026-08-23,10:52:54,20,CANAL EYZAGUIRRE,4299.68,23/08/2026,06:00
2026-08-23,10:52:54,41,CANAL FLORIDA,15000.0,23/08/2026,06:00
2026-08-23,10:52:54,35,CANAL LAS PERDICES,2000.0,23/08/2026,06:00
2026-08-23,10:52:54,37,BT CANAL EL CARMEN,0.0,23/08/2026,06:00
2026-08-23,10:52:54,38,BT CANAL LA PUNTA,800.0,23/08/2026,06:00
2026-08-23,10:52:54,39,CANAL LA PÓLVORA,0.0,23/08/2026,06:00
2026-08-23,13:45:16,50,BT CANAL SAN CARLOS REGANTES,0.0,23/08/2026,09:00
2026-08-23,14:53:15,50,BT CANAL SAN CARLOS REGANTES,0.0,23/08/2026,10:00
2026-08-23,16:56:19,1,RÍO MAIPO,51200.0,23/08/2026,08:00
2026-08-23,16:56:19,3,REGADOR SCM,10.67,23/08/2026,08:00
2026-08-23,16:56:19,50,BT CANAL SAN CARLOS REGANTES,0.0,23/08/2026,12:00
2026-08-23,16:56:19,20,CANAL EYZAGUIRRE,4299.68,23/08/2026,08:00
2026-08-23,16:56:19,41,CANAL FLORIDA,15000.0,23/08/2026,08:00
2026-08-23,16:56:19,35,CANAL LAS PERDICES,2000.0,23/08/2026,08:00
2026-08-23,16:56:19,37,BT CANAL EL CARMEN,0.0,23/08/2026,08:00
2026-08-23,16:56:19,38,BT CANAL LA PUNTA,800.0,23/08/2026,08:00
2026-08-23,16:56:19,39,CANAL LA PÓLVORA,0.0,23/08/2026,08:00
2026-08-23,19:01:37,1,RÍO MAIPO,50500.0,23/08/2026,14:00
2026-08-23,19:01:37,3,REGADOR SCM,10.52,23/08/2026,14:00
2026-08-23,19:01:37,50,BT CANAL SAN CARLOS REGANTES,0.0,23/08/2026,15:00
2026-08-23,19:01:37,20,CANAL EYZAGUIRRE,4242.26,23/08/2026,14:00
2026-08-23,19:01:37,41,CANAL FLORIDA,13800.0,23/08/2026,14:00
2026-08-23,19:01:37,35,CANAL LAS PERDICES,2000.0,23/08/2026,14:00
2026-08-23,19:01:37,37,BT CANAL EL CARMEN,0.0,23/08/2026,14:00
2026-08-23,19:01:37,38,BT CANAL LA PUNTA,800.0,23/08/2026,14:00
2026-08-23,19:01:37,39,CANAL LA PÓLVORA,0.0,23/08/2026,14:00
2026-08-23,20:52:09,1,RÍO MAIPO,50500.0,23/08/2026,16:00
2026-08-23,20:52:09,3,REGADOR SCM,10.52,23/08/2026,16:00
2026-08-23,20:52:09,50,BT CANAL SAN CARLOS REGANTES,23703.58,23/08/2026,16:00
2026-08-23,20:52:09,20,CANAL EYZAGUIRRE,4242.26,23/08/2026,16:00
2026-08-23,20:52:09,41,CANAL FLORIDA,14300.0,23/08/2026,16:00
2026-08-23,20:52:09,35,CANAL LAS PERDICES,2000.0,23/08/2026,16:00
2026-08-23,20:52:09,37,BT CANAL EL CARMEN,0.0,23/08/2026,16:00
2026-08-23,20:52:09,38,BT CANAL LA PUNTA,800.0,23/08/2026,16:00
2026-08-23,20:52:09,39,CANAL LA PÓLVORA,0.0,23/08/2026,16:00
2026-08-23,22:50:58,1,RÍO MAIPO,49700.0,23/08/2026,18:00
2026-08-23,22:50:58,3,REGADOR SCM,10.35,23/08/2026,18:00
2026-08-23,22:50:58,50,BT CANAL SAN CARLOS REGANTES,23256.2,23/08/2026,18:00
2026-08-23,22:50:58,20,CANAL EYZAGUIRRE,4176.64,23/08/2026,18:00
2026-08-23,22:50:58,41,CANAL FLORIDA,13800.0,23/08/2026,18:00
2026-08-23,22:50:58,35,CANAL LAS PERDICES,2000.0,23/08/2026,18:00
2026-08-23,22:50:58,37,BT CANAL EL CARMEN,0.0,23/08/2026,18:00
2026-08-23,22:50:58,38,BT CANAL LA PUNTA,800.0,23/08/2026,18:00
2026-08-23,22:50:58,39,CANAL LA PÓLVORA,0.0,23/08/2026,18:00
2026-08-24,03:32:48,50,BT CANAL SAN CARLOS REGANTES,0.0,23/08/2026,23:00
2026-08-24,05:57:47,1,RÍO MAIPO,54000.0,23/08/2026,22:00
2026-08-24,05:57:47,3,REGADOR SCM,11.25,23/08/2026,22:00
2026-08-24,05:57:47,50,BT CANAL SAN CARLOS REGANTES,0.0,24/08/2026,01:00
2026-08-24,05:57:47,20,CANAL EYZAGUIRRE,4529.35,23/08/2026,22:00
2026-08-24,05:57:47,41,CANAL FLORIDA,14000.0,23/08/2026,22:00
2026-08-24,05:57:47,35,CANAL LAS PERDICES,2000.0,23/08/2026,22:00
2026-08-24,05:57:47,37,BT CANAL EL CARMEN,0.0,23/08/2026,22:00
2026-08-24,05:57:47,38,BT CANAL LA PUNTA,800.0,23/08/2026,22:00
2026-08-24,05:57:47,39,CANAL LA PÓLVORA,0.0,23/08/2026,22:00
2026-08-24,08:27:03,1,RÍO MAIPO,54800.0,24/08/2026,02:00
2026-08-24,08:27:03,3,REGADOR SCM,11.42,24/08/2026,02:00
2026-08-24,08:27:03,50,BT CANAL SAN CARLOS REGANTES,0.0,24/08/2026,04:00
2026-08-24,08:27:03,20,CANAL EYZAGUIRRE,4594.97,24/08/2026,02:00
2026-08-24,08:27:03,41,CANAL FLORIDA,14000.0,24/08/2026,02:00
2026-08-24,08:27:03,35,CANAL LAS PERDICES,2000.0,24/08/2026,02:00
2026-08-24,08:27:03,37,BT CANAL EL CARMEN,0.0,24/08/2026,02:00
2026-08-24,08:27:03,38,BT CANAL LA PUNTA,800.0,24/08/2026,02:00
2026-08-24,08:27:03,39,CANAL LA PÓLVORA,0.0,24/08/2026,02:00
2026-08-24,11:13:38,1,RÍO MAIPO,52100.0,24/08/2026,06:00
2026-08-24,11:13:38,3,REGADOR SCM,10.85,24/08/2026,06:00
2026-08-24,11:13:38,50,BT CANAL SAN CARLOS REGANTES,0.0,24/08/2026,07:00
2026-08-24,11:13:38,20,CANAL EYZAGUIRRE,4373.5,24/08/2026,06:00
2026-08-24,11:13:38,41,CANAL FLORIDA,14200.0,24/08/2026,06:00
2026-08-24,11:13:38,35,CANAL LAS PERDICES,2000.0,24/08/2026,06:00
2026-08-24,11:13:38,37,BT CANAL EL CARMEN,0.0,24/08/2026,06:00
2026-08-24,11:13:38,38,BT CANAL LA PUNTA,800.0,24/08/2026,06:00
2026-08-24,11:13:38,39,CANAL LA PÓLVORA,0.0,24/08/2026,06:00
2026-08-24,14:25:16,1,RÍO MAIPO,53700.0,24/08/2026,08:00
2026-08-24,14:25:16,3,REGADOR SCM,11.19,24/08/2026,08:00
2026-08-24,14:25:16,50,BT CANAL SAN CARLOS REGANTES,0.0,24/08/2026,10:00
2026-08-24,14:25:16,20,CANAL EYZAGUIRRE,4504.74,24/08/2026,08:00
2026-08-24,14:25:16,41,CANAL FLORIDA,14100.0,24/08/2026,08:00
2026-08-24,14:25:16,35,CANAL LAS PERDICES,2000.0,24/08/2026,08:00
2026-08-24,14:25:16,37,BT CANAL EL CARMEN,0.0,24/08/2026,08:00
2026-08-24,14:25:16,38,BT CANAL LA PUNTA,800.0,24/08/2026,08:00
2026-08-24,14:25:16,39,CANAL LA PÓLVORA,0.0,24/08/2026,08:00
2026-08-24,17:19:20,1,RÍO MAIPO,52000.0,24/08/2026,12:00
2026-08-24,17:19:20,3,REGADOR SCM,10.83,24/08/2026,12:00
2026-08-24,17:19:20,50,BT CANAL SAN CARLOS REGANTES,0.0,24/08/2026,13:00
2026-08-24,17:19:20,20,CANAL EYZAGUIRRE,4365.3,24/08/2026,12:00
2026-08-24,17:19:20,41,CANAL FLORIDA,14400.0,24/08/2026,12:00
2026-08-24,17:19:20,35,CANAL LAS PERDICES,2000.0,24/08/2026,12:00
2026-08-24,17:19:20,37,BT CANAL EL CARMEN,0.0,24/08/2026,12:00
2026-08-24,17:19:20,38,BT CANAL LA PUNTA,800.0,24/08/2026,12:00
2026-08-24,17:19:20,39,CANAL LA PÓLVORA,0.0,24/08/2026,12:00
2026-08-24,19:19:04,1,RÍO MAIPO,51100.0,24/08/2026,14:00
2026-08-24,19:19:04,3,REGADOR SCM,10.64,24/08/2026,14:00
2026-08-24,19:19:04,50,BT CANAL SAN CARLOS REGANTES,0.0,24/08/2026,15:00
2026-08-24,19:19:04,20,CANAL EYZAGUIRRE,4291.47,24/08/2026,14:00
2026-08-24,19:19:04,41,CANAL FLORIDA,11800.0,24/08/2026,14:00
2026-08-24,19:19:04,35,CANAL LAS PERDICES,2000.0,24/08/2026,14:00
2026-08-24,19:19:04,37,BT CANAL EL CARMEN,0.0,24/08/2026,14:00
2026-08-24,19:19:04,38,BT CANAL LA PUNTA,800.0,24/08/2026,14:00
2026-08-24,19:19:04,39,CANAL LA PÓLVORA,0.0,24/08/2026,14:00
2026-08-24,21:04:35,1,RÍO MAIPO,54200.0,24/08/2026,16:00
2026-08-24,21:04:35,3,REGADOR SCM,11.29,24/08/2026,16:00
2026-08-24,21:04:35,50,BT CANAL SAN CARLOS REGANTES,0.0,24/08/2026,17:00
2026-08-24,21:04:35,20,CANAL EYZAGUIRRE,4545.75,24/08/2026,16:00
2026-08-24,21:04:35,41,CANAL FLORIDA,18800.0,24/08/2026,16:00
2026-08-24,21:04:35,35,CANAL LAS PERDICES,2000.0,24/08/2026,16:00
2026-08-24,21:04:35,37,BT CANAL EL CARMEN,0.0,24/08/2026,16:00
2026-08-24,21:04:35,38,BT CANAL LA PUNTA,800.0,24/08/2026,16:00
2026-08-24,21:04:35,39,CANAL LA PÓLVORA,0.0,24/08/2026,16:00
2026-08-24,22:57:03,1,RÍO MAIPO,52500.0,24/08/2026,18:00
2026-08-24,22:57:03,3,REGADOR SCM,10.94,24/08/2026,18:00
2026-08-24,22:57:03,50,BT CANAL SAN CARLOS REGANTES,16872.04,24/08/2026,18:00
2026-08-24,22:57:03,20,CANAL EYZAGUIRRE,4406.31,24/08/2026,18:00
2026-08-24,22:57:03,41,CANAL FLORIDA,15300.0,24/08/2026,18:00
2026-08-24,22:57:03,35,CANAL LAS PERDICES,2000.0,24/08/2026,18:00
2026-08-24,22:57:03,37,BT CANAL EL CARMEN,0.0,24/08/2026,18:00
2026-08-24,22:57:03,38,BT CANAL LA PUNTA,800.0,24/08/2026,18:00
2026-08-24,22:57:03,39,CANAL LA PÓLVORA,0.0,24/08/2026,18:00
2026-08-25,03:15:22,50,BT CANAL SAN CARLOS REGANTES,0.0,24/08/2026,23:00
2026-08-25,05:48:17,1,RÍO MAIPO,52700.0,24/08/2026,22:00
2026-08-25,05:48:17,3,REGADOR SCM,10.98,24/08/2026,22:00
2026-08-25,05:48:17,50,BT CANAL SAN CARLOS REGANTES,0.0,25/08/2026,01:00
2026-08-25,05:48:17,20,CANAL EYZAGUIRRE,4422.71,24/08/2026,22:00
2026-08-25,05:48:17,41,CANAL FLORIDA,14600.0,24/08/2026,22:00
2026-08-25,05:48:17,35,CANAL LAS PERDICES,2000.0,24/08/2026,22:00
2026-08-25,05:48:17,37,BT CANAL EL CARMEN,0.0,24/08/2026,22:00
2026-08-25,05:48:17,38,BT CANAL LA PUNTA,800.0,24/08/2026,22:00
2026-08-25,05:48:17,39,CANAL LA PÓLVORA,0.0,24/08/2026,22:00
2026-08-25,08:07:28,1,RÍO MAIPO,52800.0,25/08/2026,04:00
2026-08-25,08:07:28,3,REGADOR SCM,11.0,25/08/2026,04:00
2026-08-25,08:07:28,50,BT CANAL SAN CARLOS REGANTES,16897.31,25/08/2026,04:00
2026-08-25,08:07:28,20,CANAL EYZAGUIRRE,4430.92,25/08/2026,04:00
2026-08-25,08:07:28,41,CANAL FLORIDA,14900.0,25/08/2026,04:00
2026-08-25,08:07:28,35,CANAL LAS PERDICES,2000.0,25/08/2026,04:00
2026-08-25,08:07:28,37,BT CANAL EL CARMEN,0.0,25/08/2026,04:00
2026-08-25,08:07:28,38,BT CANAL LA PUNTA,800.0,25/08/2026,04:00
2026-08-25,08:07:28,39,CANAL LA PÓLVORA,0.0,25/08/2026,04:00
2026-08-25,11:03:50,1,RÍO MAIPO,53200.0,25/08/2026,06:00
2026-08-25,11:03:50,3,REGADOR SCM,11.08,25/08/2026,06:00
2026-08-25,11:03:50,50,BT CANAL SAN CARLOS REGANTES,0.0,25/08/2026,07:00
2026-08-25,11:03:50,20,CANAL EYZAGUIRRE,4463.73,25/08/2026,06:00
2026-08-25,11:03:50,41,CANAL FLORIDA,15500.0,25/08/2026,06:00
2026-08-25,11:03:50,35,CANAL LAS PERDICES,2000.0,25/08/2026,06:00
2026-08-25,11:03:50,37,BT CANAL EL CARMEN,0.0,25/08/2026,06:00
2026-08-25,11:03:50,38,BT CANAL LA PUNTA,800.0,25/08/2026,06:00
2026-08-25,11:03:50,39,CANAL LA PÓLVORA,0.0,25/08/2026,06:00
2026-08-25,14:27:50,1,RÍO MAIPO,54900.0,25/08/2026,10:00
2026-08-25,14:27:50,3,REGADOR SCM,11.44,25/08/2026,10:00
2026-08-25,14:27:50,50,BT CANAL SAN CARLOS REGANTES,18274.19,25/08/2026,10:00
2026-08-25,14:27:50,20,CANAL EYZAGUIRRE,4603.17,25/08/2026,10:00
2026-08-25,14:27:50,41,CANAL FLORIDA,16100.0,25/08/2026,10:00
2026-08-25,14:27:50,35,CANAL LAS PERDICES,2000.0,25/08/2026,10:00
2026-08-25,14:27:50,37,BT CANAL EL CARMEN,0.0,25/08/2026,10:00
2026-08-25,14:27:50,38,BT CANAL LA PUNTA,800.0,25/08/2026,10:00
2026-08-25,14:27:50,39,CANAL LA PÓLVORA,0.0,25/08/2026,10:00
2026-08-25,17:20:01,1,RÍO MAIPO,58100.0,25/08/2026,12:00
2026-08-25,17:20:01,3,REGADOR SCM,12.1,25/08/2026,12:00
2026-08-25,17:20:01,50,BT CANAL SAN CARLOS REGANTES,0.0,25/08/2026,13:00
2026-08-25,17:20:01,20,CANAL EYZAGUIRRE,4865.65,25/08/2026,12:00
2026-08-25,17:20:01,41,CANAL FLORIDA,17600.0,25/08/2026,12:00
2026-08-25,17:20:01,35,CANAL LAS PERDICES,2000.0,25/08/2026,12:00
2026-08-25,17:20:01,37,BT CANAL EL CARMEN,0.0,25/08/2026,12:00
2026-08-25,17:20:01,38,BT CANAL LA PUNTA,800.0,25/08/2026,12:00
2026-08-25,17:20:01,39,CANAL LA PÓLVORA,0.0,25/08/2026,12:00
2026-08-25,19:20:12,1,RÍO MAIPO,62300.0,25/08/2026,14:00
2026-08-25,19:20:12,3,REGADOR SCM,12.98,25/08/2026,14:00
2026-08-25,19:20:12,50,BT CANAL SAN CARLOS REGANTES,0.0,25/08/2026,15:00
2026-08-25,19:20:12,20,CANAL EYZAGUIRRE,5210.15,25/08/2026,14:00
2026-08-25,19:20:12,41,CANAL FLORIDA,16700.0,25/08/2026,14:00
2026-08-25,19:20:12,35,CANAL LAS PERDICES,2000.0,25/08/2026,14:00
2026-08-25,19:20:12,37,BT CANAL EL CARMEN,0.0,25/08/2026,14:00
2026-08-25,19:20:12,38,BT CANAL LA PUNTA,800.0,25/08/2026,14:00
2026-08-25,19:20:12,39,CANAL LA PÓLVORA,0.0,25/08/2026,14:00
2026-08-25,20:59:54,1,RÍO MAIPO,58300.0,25/08/2026,16:00
2026-08-25,20:59:54,3,REGADOR SCM,12.14,25/08/2026,16:00
2026-08-25,20:59:54,50,BT CANAL SAN CARLOS REGANTES,22460.57,25/08/2026,16:00
2026-08-25,20:59:54,20,CANAL EYZAGUIRRE,4882.05,25/08/2026,16:00
2026-08-25,20:59:54,41,CANAL FLORIDA,19300.0,25/08/2026,16:00
2026-08-25,20:59:54,35,CANAL LAS PERDICES,2000.0,25/08/2026,16:00
2026-08-25,20:59:54,37,BT CANAL EL CARMEN,0.0,25/08/2026,16:00
2026-08-25,20:59:54,38,BT CANAL LA PUNTA,800.0,25/08/2026,16:00
2026-08-25,20:59:54,39,CANAL LA PÓLVORA,0.0,25/08/2026,16:00
2026-08-25,22:59:28,1,RÍO MAIPO,76800.0,25/08/2026,18:00
2026-08-25,22:59:28,3,REGADOR SCM,16.0,25/08/2026,18:00
2026-08-25,22:59:28,50,BT CANAL SAN CARLOS REGANTES,25300.0,25/08/2026,18:00
2026-08-25,22:59:28,20,CANAL EYZAGUIRRE,6399.51,25/08/2026,18:00
2026-08-25,22:59:28,41,CANAL FLORIDA,21600.0,25/08/2026,18:00
2026-08-25,22:59:28,35,CANAL LAS PERDICES,2000.0,25/08/2026,18:00
2026-08-25,22:59:28,37,BT CANAL EL CARMEN,0.0,25/08/2026,18:00
2026-08-25,22:59:28,38,BT CANAL LA PUNTA,800.0,25/08/2026,18:00
2026-08-25,22:59:28,39,CANAL LA PÓLVORA,0.0,25/08/2026,18:00
2026-08-26,03:34:25,50,BT CANAL SAN CARLOS REGANTES,0.0,25/08/2026,23:00
2026-08-26,05:20:22,1,RÍO MAIPO,102700.0,25/08/2026,22:00
2026-08-26,05:20:22,3,REGADOR SCM,21.39,25/08/2026,22:00
2026-08-26,05:20:22,50,BT CANAL SAN CARLOS REGANTES,0.0,26/08/2026,01:00
2026-08-26,05:20:22,20,CANAL EYZAGUIRRE,8523.96,25/08/2026,22:00
2026-08-26,05:20:22,41,CANAL FLORIDA,23700.0,25/08/2026,22:00
2026-08-26,05:20:22,35,CANAL LAS PERDICES,2000.0,25/08/2026,22:00
2026-08-26,05:20:22,37,BT CANAL EL CARMEN,0.0,25/08/2026,22:00
2026-08-26,05:20:22,38,BT CANAL LA PUNTA,800.0,25/08/2026,22:00
2026-08-26,05:20:22,39,CANAL LA PÓLVORA,0.0,25/08/2026,22:00
2026-08-26,08:09:06,1,RÍO MAIPO,88500.0,26/08/2026,04:00
2026-08-26,08:09:06,3,REGADOR SCM,18.44,26/08/2026,04:00
2026-08-26,08:09:06,50,BT CANAL SAN CARLOS REGANTES,31000.0,26/08/2026,04:00
2026-08-26,08:09:06,20,CANAL EYZAGUIRRE,7359.21,26/08/2026,04:00
2026-08-26,08:09:06,41,CANAL FLORIDA,27100.0,26/08/2026,04:00
2026-08-26,08:09:06,35,CANAL LAS PERDICES,2000.0,26/08/2026,04:00
2026-08-26,08:09:06,37,BT CANAL EL CARMEN,0.0,26/08/2026,04:00
2026-08-26,08:09:06,38,BT CANAL LA PUNTA,800.0,26/08/2026,04:00
2026-08-26,08:09:06,39,CANAL LA PÓLVORA,0.0,26/08/2026,04:00
2026-08-26,11:15:26,1,RÍO MAIPO,82100.0,26/08/2026,06:00
2026-08-26,11:15:26,3,REGADOR SCM,17.1,26/08/2026,06:00
2026-08-26,11:15:26,50,BT CANAL SAN CARLOS REGANTES,0.0,26/08/2026,07:00
2026-08-26,11:15:26,20,CANAL EYZAGUIRRE,6834.25,26/08/2026,06:00
2026-08-26,11:15:26,41,CANAL FLORIDA,25300.0,26/08/2026,06:00
2026-08-26,11:15:26,35,CANAL LAS PERDICES,2000.0,26/08/2026,06:00
2026-08-26,11:15:26,37,BT CANAL EL CARMEN,0.0,26/08/2026,06:00
2026-08-26,11:15:26,38,BT CANAL LA PUNTA,800.0,26/08/2026,06:00
2026-08-26,11:15:26,39,CANAL LA PÓLVORA,0.0,26/08/2026,06:00
2026-08-26,14:25:16,1,RÍO MAIPO,76600.0,26/08/2026,10:00
2026-08-26,14:25:16,3,REGADOR SCM,15.96,26/08/2026,10:00
2026-08-26,14:25:16,50,BT CANAL SAN CARLOS REGANTES,30300.0,26/08/2026,10:00
2026-08-26,14:25:16,20,CANAL EYZAGUIRRE,6383.11,26/08/2026,10:00
2026-08-26,14:25:16,41,CANAL FLORIDA,25600.0,26/08/2026,10:00
2026-08-26,14:25:16,35,CANAL LAS PERDICES,2000.0,26/08/2026,10:00
2026-08-26,14:25:16,37,BT CANAL EL CARMEN,0.0,26/08/2026,10:00
2026-08-26,14:25:16,38,BT CANAL LA PUNTA,800.0,26/08/2026,10:00
2026-08-26,14:25:16,39,CANAL LA PÓLVORA,0.0,26/08/2026,10:00
2026-08-28,01:10:03,1,RÍO MAIPO,59600.0,27/08/2026,18:00
2026-08-28,01:10:03,3,REGADOR SCM,12.42,27/08/2026,18:00
2026-08-28,01:10:03,50,BT CANAL SAN CARLOS REGANTES,0.0,27/08/2026,21:00
2026-08-28,01:10:03,20,CANAL EYZAGUIRRE,4988.69,27/08/2026,18:00
2026-08-28,01:10:03,41,CANAL FLORIDA,22600.0,27/08/2026,18:00
2026-08-28,01:10:03,35,CANAL LAS PERDICES,2000.0,27/08/2026,18:00
2026-08-28,01:10:03,37,BT CANAL EL CARMEN,0.0,27/08/2026,18:00
2026-08-28,01:10:03,38,BT CANAL LA PUNTA,800.0,27/08/2026,18:00
2026-08-28,01:10:03,39,CANAL LA PÓLVORA,0.0,27/08/2026,18:00
2026-08-28,21:54:23,50,BT CANAL SAN CARLOS REGANTES,0.0,28/08/2026,17:00
2026-08-28,22:02:11,1,RÍO MAIPO,57800.0,28/08/2026,16:00
2026-08-28,22:02:11,3,REGADOR SCM,12.04,28/08/2026,16:00
2026-08-28,22:02:11,50,BT CANAL SAN CARLOS REGANTES,0.0,28/08/2026,18:00
2026-08-28,22:02:11,20,CANAL EYZAGUIRRE,4841.04,28/08/2026,16:00
2026-08-28,22:02:11,41,CANAL FLORIDA,17400.0,28/08/2026,16:00
2026-08-28,22:02:11,35,CANAL LAS PERDICES,2000.0,28/08/2026,16:00
2026-08-28,22:02:11,37,BT CANAL EL CARMEN,0.0,28/08/2026,16:00
2026-08-28,22:02:11,38,BT CANAL LA PUNTA,800.0,28/08/2026,16:00
2026-08-28,22:02:11,39,CANAL LA PÓLVORA,0.0,28/08/2026,16:00
2026-08-29,00:02:25,50,BT CANAL SAN CARLOS REGANTES,18424.73,28/08/2026,20:00
2026-08-29,02:02:26,1,RÍO MAIPO,58500.0,28/08/2026,20:00
2026-08-29,02:02:26,3,REGADOR SCM,12.19,28/08/2026,20:00
2026-08-29,02:02:26,50,BT CANAL SAN CARLOS REGANTES,0.0,28/08/2026,22:00
2026-08-29,02:02:26,20,CANAL EYZAGUIRRE,4898.46,28/08/2026,20:00
2026-08-29,02:02:26,41,CANAL FLORIDA,18300.0,28/08/2026,20:00
2026-08-29,02:02:26,35,CANAL LAS PERDICES,2000.0,28/08/2026,20:00
2026-08-29,02:02:26,37,BT CANAL EL CARMEN,0.0,28/08/2026,20:00
2026-08-29,02:02:26,38,BT CANAL LA PUNTA,800.0,28/08/2026,20:00
2026-08-29,02:02:26,39,CANAL LA PÓLVORA,0.0,28/08/2026,20:00
2026-08-29,04:02:16,50,BT CANAL SAN CARLOS REGANTES,0.0,29/08/2026,00:00
2026-08-29,06:02:41,50,BT CANAL SAN CARLOS REGANTES,0.0,29/08/2026,02:00
2026-08-29,08:02:38,1,RÍO MAIPO,55900.0,28/08/2026,22:00
2026-08-29,08:02:38,3,REGADOR SCM,11.64,28/08/2026,22:00
2026-08-29,08:02:38,50,BT CANAL SAN CARLOS REGANTES,0.0,29/08/2026,04:00
2026-08-29,08:02:38,20,CANAL EYZAGUIRRE,4685.19,28/08/2026,22:00
2026-08-29,08:02:38,41,CANAL FLORIDA,17800.0,28/08/2026,22:00
2026-08-29,08:02:38,35,CANAL LAS PERDICES,2000.0,28/08/2026,22:00
2026-08-29,08:02:38,37,BT CANAL EL CARMEN,0.0,28/08/2026,22:00
2026-08-29,08:02:38,38,BT CANAL LA PUNTA,800.0,28/08/2026,22:00
2026-08-29,08:02:38,39,CANAL LA PÓLVORA,0.0,28/08/2026,22:00
2026-08-29,10:02:39,1,RÍO MAIPO,55000.0,29/08/2026,04:00
2026-08-29,10:02:39,3,REGADOR SCM,11.46,29/08/2026,04:00
2026-08-29,10:02:39,50,BT CANAL SAN CARLOS REGANTES,0.0,29/08/2026,06:00
2026-08-29,10:02:39,20,CANAL EYZAGUIRRE,4611.37,29/08/2026,04:00
2026-08-29,10:02:39,41,CANAL FLORIDA,16100.0,29/08/2026,04:00
2026-08-29,10:02:39,35,CANAL LAS PERDICES,2000.0,29/08/2026,04:00
2026-08-29,10:02:39,37,BT CANAL EL CARMEN,0.0,29/08/2026,04:00
2026-08-29,10:02:39,38,BT CANAL LA PUNTA,800.0,29/08/2026,04:00
2026-08-29,10:02:39,39,CANAL LA PÓLVORA,0.0,29/08/2026,04:00
2026-08-29,12:02:46,1,RÍO MAIPO,54700.0,29/08/2026,06:00
2026-08-29,12:02:46,3,REGADOR SCM,11.39,29/08/2026,06:00
2026-08-29,12:02:46,50,BT CANAL SAN CARLOS REGANTES,0.0,29/08/2026,08:00
2026-08-29,12:02:46,20,CANAL EYZAGUIRRE,4586.76,29/08/2026,06:00
2026-08-29,12:02:46,41,CANAL FLORIDA,15200.0,29/08/2026,06:00
2026-08-29,12:02:46,35,CANAL LAS PERDICES,2000.0,29/08/2026,06:00
2026-08-29,12:02:46,37,BT CANAL EL CARMEN,0.0,29/08/2026,06:00
2026-08-29,12:02:46,38,BT CANAL LA PUNTA,800.0,29/08/2026,06:00
2026-08-29,12:02:46,39,CANAL LA PÓLVORA,0.0,29/08/2026,06:00
2026-08-29,14:02:49,1,RÍO MAIPO,56700.0,29/08/2026,08:00
2026-08-29,14:02:49,3,REGADOR SCM,11.81,29/08/2026,08:00
2026-08-29,14:02:49,50,BT CANAL SAN CARLOS REGANTES,0.0,29/08/2026,10:00
2026-08-29,14:02:49,20,CANAL EYZAGUIRRE,4750.81,29/08/2026,08:00
2026-08-29,14:02:49,41,CANAL FLORIDA,15600.0,29/08/2026,08:00
2026-08-29,14:02:49,35,CANAL LAS PERDICES,2000.0,29/08/2026,08:00
2026-08-29,14:02:49,37,BT CANAL EL CARMEN,0.0,29/08/2026,08:00
2026-08-29,14:02:49,38,BT CANAL LA PUNTA,800.0,29/08/2026,08:00
2026-08-29,14:02:49,39,CANAL LA PÓLVORA,0.0,29/08/2026,08:00
2026-08-29,16:02:35,1,RÍO MAIPO,53300.0,29/08/2026,10:00
2026-08-29,16:02:35,3,REGADOR SCM,11.1,29/08/2026,10:00
2026-08-29,16:02:35,50,BT CANAL SAN CARLOS REGANTES,0.0,29/08/2026,12:00
2026-08-29,16:02:35,20,CANAL EYZAGUIRRE,4471.93,29/08/2026,10:00
2026-08-29,16:02:35,41,CANAL FLORIDA,16200.0,29/08/2026,10:00
2026-08-29,16:02:35,35,CANAL LAS PERDICES,2000.0,29/08/2026,10:00
2026-08-29,16:02:35,37,BT CANAL EL CARMEN,0.0,29/08/2026,10:00
2026-08-29,16:02:35,38,BT CANAL LA PUNTA,800.0,29/08/2026,10:00
2026-08-29,16:02:35,39,CANAL LA PÓLVORA,0.0,29/08/2026,10:00
2026-08-29,18:02:40,1,RÍO MAIPO,52500.0,29/08/2026,12:00
2026-08-29,18:02:40,3,REGADOR SCM,10.94,29/08/2026,12:00
2026-08-29,18:02:40,50,BT CANAL SAN CARLOS REGANTES,0.0,29/08/2026,14:00
2026-08-29,18:02:40,20,CANAL EYZAGUIRRE,4406.31,29/08/2026,12:00
2026-08-29,18:02:40,41,CANAL FLORIDA,17200.0,29/08/2026,12:00
2026-08-29,18:02:40,35,CANAL LAS PERDICES,2000.0,29/08/2026,12:00
2026-08-29,18:02:40,37,BT CANAL EL CARMEN,0.0,29/08/2026,12:00
2026-08-29,18:02:40,38,BT CANAL LA PUNTA,800.0,29/08/2026,12:00
2026-08-29,18:02:40,39,CANAL LA PÓLVORA,0.0,29/08/2026,12:00
2026-08-29,20:02:38,1,RÍO MAIPO,52900.0,29/08/2026,14:00
2026-08-29,20:02:38,3,REGADOR SCM,11.02,29/08/2026,14:00
2026-08-29,20:02:38,50,BT CANAL SAN CARLOS REGANTES,0.0,29/08/2026,16:00
2026-08-29,20:02:38,20,CANAL EYZAGUIRRE,4439.12,29/08/2026,14:00
2026-08-29,20:02:38,41,CANAL FLORIDA,15700.0,29/08/2026,14:00
2026-08-29,20:02:38,35,CANAL LAS PERDICES,2000.0,29/08/2026,14:00
2026-08-29,20:02:38,37,BT CANAL EL CARMEN,0.0,29/08/2026,14:00
2026-08-29,20:02:38,38,BT CANAL LA PUNTA,800.0,29/08/2026,14:00
2026-08-29,20:02:38,39,CANAL LA PÓLVORA,0.0,29/08/2026,14:00
2026-08-29,22:02:34,50,BT CANAL SAN CARLOS REGANTES,18808.96,29/08/2026,18:00
2026-08-30,00:03:03,1,RÍO MAIPO,52300.0,29/08/2026,18:00
2026-08-30,00:03:03,3,REGADOR SCM,10.89,29/08/2026,18:00
2026-08-30,00:03:03,50,BT CANAL SAN CARLOS REGANTES,0.0,29/08/2026,20:00
2026-08-30,00:03:03,20,CANAL EYZAGUIRRE,4389.9,29/08/2026,18:00
2026-08-30,00:03:03,41,CANAL FLORIDA,17300.0,29/08/2026,18:00
2026-08-30,00:03:03,35,CANAL LAS PERDICES,2000.0,29/08/2026,18:00
2026-08-30,00:03:03,37,BT CANAL EL CARMEN,0.0,29/08/2026,18:00
2026-08-30,00:03:03,38,BT CANAL LA PUNTA,800.0,29/08/2026,18:00
2026-08-30,00:03:03,39,CANAL LA PÓLVORA,0.0,29/08/2026,18:00
2026-08-30,02:02:26,1,RÍO MAIPO,55500.0,29/08/2026,20:00
2026-08-30,02:02:26,3,REGADOR SCM,11.56,29/08/2026,20:00
2026-08-30,02:02:26,50,BT CANAL SAN CARLOS REGANTES,0.0,29/08/2026,22:00
2026-08-30,02:02:26,20,CANAL EYZAGUIRRE,4652.38,29/08/2026,20:00
2026-08-30,02:02:26,41,CANAL FLORIDA,16300.0,29/08/2026,20:00
2026-08-30,02:02:26,35,CANAL LAS PERDICES,2000.0,29/08/2026,20:00
2026-08-30,02:02:26,37,BT CANAL EL CARMEN,0.0,29/08/2026,20:00
2026-08-30,02:02:26,38,BT CANAL LA PUNTA,800.0,29/08/2026,20:00
2026-08-30,02:02:26,39,CANAL LA PÓLVORA,0.0,29/08/2026,20:00
2026-08-30,04:02:28,50,BT CANAL SAN CARLOS REGANTES,0.0,30/08/2026,00:00
2026-08-30,06:02:39,1,RÍO MAIPO,51800.0,29/08/2026,22:00
2026-08-30,06:02:39,3,REGADOR SCM,10.79,29/08/2026,22:00
2026-08-30,06:02:39,50,BT CANAL SAN CARLOS REGANTES,0.0,30/08/2026,02:00
2026-08-30,06:02:39,20,CANAL EYZAGUIRRE,4348.89,29/08/2026,22:00
2026-08-30,06:02:39,41,CANAL FLORIDA,17000.0,29/08/2026,22:00
2026-08-30,06:02:39,35,CANAL LAS PERDICES,2000.0,29/08/2026,22:00
2026-08-30,06:02:39,37,BT CANAL EL CARMEN,0.0,29/08/2026,22:00
2026-08-30,06:02:39,38,BT CANAL LA PUNTA,800.0,29/08/2026,22:00
2026-08-30,06:02:39,39,CANAL LA PÓLVORA,0.0,29/08/2026,22:00
2026-08-30,08:02:38,1,RÍO MAIPO,51700.0,30/08/2026,02:00
2026-08-30,08:02:38,3,REGADOR SCM,10.77,30/08/2026,02:00
2026-08-30,08:02:38,50,BT CANAL SAN CARLOS REGANTES,0.0,30/08/2026,04:00
2026-08-30,08:02:38,20,CANAL EYZAGUIRRE,4340.69,30/08/2026,02:00
2026-08-30,08:02:38,41,CANAL FLORIDA,17900.0,30/08/2026,02:00
2026-08-30,08:02:38,35,CANAL LAS PERDICES,2000.0,30/08/2026,02:00
2026-08-30,08:02:38,37,BT CANAL EL CARMEN,0.0,30/08/2026,02:00
2026-08-30,08:02:38,38,BT CANAL LA PUNTA,800.0,30/08/2026,02:00
2026-08-30,08:02:38,39,CANAL LA PÓLVORA,0.0,30/08/2026,02:00
2026-08-30,10:02:25,1,RÍO MAIPO,50000.0,30/08/2026,04:00
2026-08-30,10:02:25,3,REGADOR SCM,10.42,30/08/2026,04:00
2026-08-30,10:02:25,50,BT CANAL SAN CARLOS REGANTES,0.0,30/08/2026,06:00
2026-08-30,10:02:25,20,CANAL EYZAGUIRRE,4201.25,30/08/2026,04:00
2026-08-30,10:02:25,41,CANAL FLORIDA,17100.0,30/08/2026,04:00
2026-08-30,10:02:25,35,CANAL LAS PERDICES,2000.0,30/08/2026,04:00
2026-08-30,10:02:25,37,BT CANAL EL CARMEN,0.0,30/08/2026,04:00
2026-08-30,10:02:25,38,BT CANAL LA PUNTA,800.0,30/08/2026,04:00
2026-08-30,10:02:25,39,CANAL LA PÓLVORA,0.0,30/08/2026,04:00
2026-08-30,12:02:46,1,RÍO MAIPO,53700.0,30/08/2026,08:00
2026-08-30,12:02:46,3,REGADOR SCM,11.19,30/08/2026,08:00
2026-08-30,12:02:46,50,BT CANAL SAN CARLOS REGANTES,16973.11,30/08/2026,08:00
2026-08-30,12:02:46,20,CANAL EYZAGUIRRE,4504.74,30/08/2026,08:00
2026-08-30,12:02:46,41,CANAL FLORIDA,15300.0,30/08/2026,08:00
2026-08-30,12:02:46,35,CANAL LAS PERDICES,2000.0,30/08/2026,08:00
2026-08-30,12:02:46,37,BT CANAL EL CARMEN,0.0,30/08/2026,08:00
2026-08-30,12:02:46,38,BT CANAL LA PUNTA,800.0,30/08/2026,08:00
2026-08-30,12:02:46,39,CANAL LA PÓLVORA,0.0,30/08/2026,08:00
2026-08-30,14:02:16,1,RÍO MAIPO,53900.0,30/08/2026,10:00
2026-08-30,14:02:16,3,REGADOR SCM,11.23,30/08/2026,10:00
2026-08-30,14:02:16,50,BT CANAL SAN CARLOS REGANTES,17389.96,30/08/2026,10:00
2026-08-30,14:02:16,20,CANAL EYZAGUIRRE,4521.14,30/08/2026,10:00
2026-08-30,14:02:16,41,CANAL FLORIDA,15300.0,30/08/2026,10:00
2026-08-30,14:02:16,35,CANAL LAS PERDICES,2000.0,30/08/2026,10:00
2026-08-30,14:02:16,37,BT CANAL EL CARMEN,0.0,30/08/2026,10:00
2026-08-30,14:02:16,38,BT CANAL LA PUNTA,800.0,30/08/2026,10:00
2026-08-30,14:02:16,39,CANAL LA PÓLVORA,0.0,30/08/2026,10:00
2026-08-30,16:02:30,1,RÍO MAIPO,53900.0,30/08/2026,12:00
2026-08-30,16:02:30,3,REGADOR SCM,11.23,30/08/2026,12:00
2026-08-30,16:02:30,50,BT CANAL SAN CARLOS REGANTES,17389.96,30/08/2026,12:00
2026-08-30,16:02:30,20,CANAL EYZAGUIRRE,4521.14,30/08/2026,12:00
2026-08-30,16:02:30,41,CANAL FLORIDA,15300.0,30/08/2026,12:00
2026-08-30,16:02:30,35,CANAL LAS PERDICES,2000.0,30/08/2026,12:00
2026-08-30,16:02:30,37,BT CANAL EL CARMEN,0.0,30/08/2026,12:00
2026-08-30,16:02:30,38,BT CANAL LA PUNTA,900.0,30/08/2026,12:00
2026-08-30,16:02:30,39,CANAL LA PÓLVORA,0.0,30/08/2026,12:00
2026-08-30,18:02:16,1,RÍO MAIPO,51400.0,30/08/2026,14:00
2026-08-30,18:02:16,3,REGADOR SCM,10.71,30/08/2026,14:00
2026-08-30,18:02:16,50,BT CANAL SAN CARLOS REGANTES,16879.39,30/08/2026,14:00
2026-08-30,18:02:16,20,CANAL EYZAGUIRRE,4316.08,30/08/2026,14:00
2026-08-30,18:02:16,41,CANAL FLORIDA,16000.0,30/08/2026,14:00
2026-08-30,18:02:16,35,CANAL LAS PERDICES,2000.0,30/08/2026,14:00
2026-08-30,18:02:16,37,BT CANAL EL CARMEN,0.0,30/08/2026,14:00
2026-08-30,18:02:16,38,BT CANAL LA PUNTA,900.0,30/08/2026,14:00
2026-08-30,18:02:16,39,CANAL LA PÓLVORA,0.0,30/08/2026,14:00
2026-08-30,20:02:31,1,RÍO MAIPO,52900.0,30/08/2026,16:00
2026-08-30,20:02:31,3,REGADOR SCM,11.02,30/08/2026,16:00
2026-08-30,20:02:31,50,BT CANAL SAN CARLOS REGANTES,17905.73,30/08/2026,16:00
2026-08-30,20:02:31,20,CANAL EYZAGUIRRE,4439.12,30/08/2026,16:00
2026-08-30,20:02:31,41,CANAL FLORIDA,15600.0,30/08/2026,16:00
2026-08-30,20:02:31,35,CANAL LAS PERDICES,2000.0,30/08/2026,16:00
2026-08-30,20:02:31,37,BT CANAL EL CARMEN,0.0,30/08/2026,16:00
2026-08-30,20:02:31,38,BT CANAL LA PUNTA,900.0,30/08/2026,16:00
2026-08-30,20:02:31,39,CANAL LA PÓLVORA,0.0,30/08/2026,16:00
2026-08-30,22:02:18,1,RÍO MAIPO,52800.0,30/08/2026,18:00
2026-08-30,22:02:18,3,REGADOR SCM,11.0,30/08/2026,18:00
2026-08-30,22:02:18,50,BT CANAL SAN CARLOS REGANTES,17297.31,30/08/2026,18:00
2026-08-30,22:02:18,20,CANAL EYZAGUIRRE,4430.92,30/08/2026,18:00
2026-08-30,22:02:18,41,CANAL FLORIDA,15600.0,30/08/2026,18:00
2026-08-30,22:02:18,35,CANAL LAS PERDICES,2000.0,30/08/2026,18:00
2026-08-30,22:02:18,37,BT CANAL EL CARMEN,0.0,30/08/2026,18:00
2026-08-30,22:02:18,38,BT CANAL LA PUNTA,900.0,30/08/2026,18:00
2026-08-30,22:02:18,39,CANAL LA PÓLVORA,0.0,30/08/2026,18:00
2026-08-31,00:03:03,1,RÍO MAIPO,52800.0,30/08/2026,20:00
2026-08-31,00:03:03,3,REGADOR SCM,11.0,30/08/2026,20:00
2026-08-31,00:03:03,50,BT CANAL SAN CARLOS REGANTES,17297.31,30/08/2026,20:00
2026-08-31,00:03:03,20,CANAL EYZAGUIRRE,4430.92,30/08/2026,20:00
2026-08-31,00:03:03,41,CANAL FLORIDA,15800.0,30/08/2026,20:00
2026-08-31,00:03:03,35,CANAL LAS PERDICES,2000.0,30/08/2026,20:00
2026-08-31,00:03:03,37,BT CANAL EL CARMEN,0.0,30/08/2026,20:00
2026-08-31,00:03:03,38,BT CANAL LA PUNTA,900.0,30/08/2026,20:00
2026-08-31,00:03:03,39,CANAL LA PÓLVORA,0.0,30/08/2026,20:00
2026-08-31,02:02:28,50,BT CANAL SAN CARLOS REGANTES,17923.65,30/08/2026,22:00
2026-08-31,04:02:37,50,BT CANAL SAN CARLOS REGANTES,0.0,31/08/2026,00:00
2026-08-31,06:02:51,1,RÍO MAIPO,53800.0,30/08/2026,22:00
2026-08-31,06:02:51,3,REGADOR SCM,11.21,30/08/2026,22:00
2026-08-31,06:02:51,50,BT CANAL SAN CARLOS REGANTES,0.0,31/08/2026,02:00
2026-08-31,06:02:51,20,CANAL EYZAGUIRRE,4512.94,30/08/2026,22:00
2026-08-31,06:02:51,41,CANAL FLORIDA,16200.0,30/08/2026,22:00
2026-08-31,06:02:51,35,CANAL LAS PERDICES,2000.0,30/08/2026,22:00
2026-08-31,06:02:51,37,BT CANAL EL CARMEN,0.0,30/08/2026,22:00
2026-08-31,06:02:51,38,BT CANAL LA PUNTA,800.0,30/08/2026,22:00
2026-08-31,06:02:51,39,CANAL LA PÓLVORA,0.0,30/08/2026,22:00
2026-08-31,08:02:37,50,BT CANAL SAN CARLOS REGANTES,19502.68,31/08/2026,04:00
2026-08-31,10:02:27,1,RÍO MAIPO,58800.0,31/08/2026,04:00
2026-08-31,10:02:27,3,REGADOR SCM,12.25,31/08/2026,04:00
2026-08-31,10:02:27,50,BT CANAL SAN CARLOS REGANTES,0.0,31/08/2026,06:00
2026-08-31,10:02:27,20,CANAL EYZAGUIRRE,4923.07,31/08/2026,04:00
2026-08-31,10:02:27,41,CANAL FLORIDA,18400.0,31/08/2026,04:00
2026-08-31,10:02:27,35,CANAL LAS PERDICES,2000.0,31/08/2026,04:00
2026-08-31,10:02:27,37,BT CANAL EL CARMEN,0.0,31/08/2026,04:00
2026-08-31,10:02:27,38,BT CANAL LA PUNTA,800.0,31/08/2026,04:00
2026-08-31,10:02:27,39,CANAL LA PÓLVORA,0.0,31/08/2026,04:00
2026-08-31,12:02:41,1,RÍO MAIPO,59100.0,31/08/2026,06:00
2026-08-31,12:02:41,3,REGADOR SCM,12.31,31/08/2026,06:00
2026-08-31,12:02:41,50,BT CANAL SAN CARLOS REGANTES,0.0,31/08/2026,08:00
2026-08-31,12:02:41,20,CANAL EYZAGUIRRE,4947.67,31/08/2026,06:00
2026-08-31,12:02:41,41,CANAL FLORIDA,17700.0,31/08/2026,06:00
2026-08-31,12:02:41,35,CANAL LAS PERDICES,2000.0,31/08/2026,06:00
2026-08-31,12:02:41,37,BT CANAL EL CARMEN,0.0,31/08/2026,06:00
2026-08-31,12:02:41,38,BT CANAL LA PUNTA,800.0,31/08/2026,06:00
2026-08-31,12:02:41,39,CANAL LA PÓLVORA,0.0,31/08/2026,06:00
2026-08-31,14:02:28,1,RÍO MAIPO,56300.0,31/08/2026,10:00
2026-08-31,14:02:28,3,REGADOR SCM,11.73,31/08/2026,10:00
2026-08-31,14:02:28,50,BT CANAL SAN CARLOS REGANTES,19292.11,31/08/2026,10:00
2026-08-31,14:02:28,20,CANAL EYZAGUIRRE,4718.0,31/08/2026,10:00
2026-08-31,14:02:28,41,CANAL FLORIDA,17700.0,31/08/2026,10:00
2026-08-31,14:02:28,35,CANAL LAS PERDICES,2000.0,31/08/2026,10:00
2026-08-31,14:02:28,37,BT CANAL EL CARMEN,0.0,31/08/2026,10:00
2026-08-31,14:02:28,38,BT CANAL LA PUNTA,800.0,31/08/2026,10:00
2026-08-31,14:02:28,39,CANAL LA PÓLVORA,0.0,31/08/2026,10:00
2026-08-31,16:03:03,1,RÍO MAIPO,57000.0,31/08/2026,12:00
2026-08-31,16:03:03,3,REGADOR SCM,11.87,31/08/2026,12:00
2026-08-31,16:03:03,50,BT CANAL SAN CARLOS REGANTES,19351.07,31/08/2026,12:00
2026-08-31,16:03:03,20,CANAL EYZAGUIRRE,4775.42,31/08/2026,12:00
2026-08-31,16:03:03,41,CANAL FLORIDA,16000.0,31/08/2026,12:00
2026-08-31,16:03:03,35,CANAL LAS PERDICES,2000.0,31/08/2026,12:00
2026-08-31,16:03:03,37,BT CANAL EL CARMEN,0.0,31/08/2026,12:00
2026-08-31,16:03:03,38,BT CANAL LA PUNTA,800.0,31/08/2026,12:00
2026-08-31,16:03:03,39,CANAL LA PÓLVORA,0.0,31/08/2026,12:00
2026-08-31,18:02:33,1,RÍO MAIPO,52700.0,31/08/2026,14:00
2026-08-31,18:02:33,3,REGADOR SCM,10.98,31/08/2026,14:00
2026-08-31,18:02:33,50,BT CANAL SAN CARLOS REGANTES,17488.88,31/08/2026,14:00
2026-08-31,18:02:33,20,CANAL EYZAGUIRRE,4422.71,31/08/2026,14:00
2026-08-31,18:02:33,41,CANAL FLORIDA,16000.0,31/08/2026,14:00
2026-08-31,18:02:33,35,CANAL LAS PERDICES,2000.0,31/08/2026,14:00
2026-08-31,18:02:33,37,BT CANAL EL CARMEN,0.0,31/08/2026,14:00
2026-08-31,18:02:33,38,BT CANAL LA PUNTA,800.0,31/08/2026,14:00
2026-08-31,18:02:33,39,CANAL LA PÓLVORA,0.0,31/08/2026,14:00
2026-08-31,20:02:20,1,RÍO MAIPO,58300.0,31/08/2026,16:00
2026-08-31,20:02:20,3,REGADOR SCM,12.14,31/08/2026,16:00
2026-08-31,20:02:20,50,BT CANAL SAN CARLOS REGANTES,19660.57,31/08/2026,16:00
2026-08-31,20:02:20,20,CANAL EYZAGUIRRE,4882.05,31/08/2026,16:00
2026-08-31,20:02:20,41,CANAL FLORIDA,17000.0,31/08/2026,16:00
2026-08-31,20:02:20,35,CANAL LAS PERDICES,2000.0,31/08/2026,16:00
2026-08-31,20:02:20,37,BT CANAL EL CARMEN,0.0,31/08/2026,16:00
2026-08-31,20:02:20,38,BT CANAL LA PUNTA,800.0,31/08/2026,16:00
2026-08-31,20:02:20,39,CANAL LA PÓLVORA,0.0,31/08/2026,16:00
2026-08-31,22:02:30,1,RÍO MAIPO,54300.0,31/08/2026,18:00
2026-08-31,22:02:30,3,REGADOR SCM,11.31,31/08/2026,18:00
2026-08-31,22:02:30,50,BT CANAL SAN CARLOS REGANTES,17123.65,31/08/2026,18:00
2026-08-31,22:02:30,20,CANAL EYZAGUIRRE,4553.95,31/08/2026,18:00
2026-08-31,22:02:30,41,CANAL FLORIDA,15500.0,31/08/2026,18:00
2026-08-31,22:02:30,35,CANAL LAS PERDICES,2000.0,31/08/2026,18:00
2026-08-31,22:02:30,37,BT CANAL EL CARMEN,0.0,31/08/2026,18:00
2026-08-31,22:02:30,38,BT CANAL LA PUNTA,800.0,31/08/2026,18:00
2026-08-31,22:02:30,39,CANAL LA PÓLVORA,0.0,31/08/2026,18:00
2026-09-01,00:06:30,1,RÍO MAIPO,54300.0,31/08/2026,20:00
2026-09-01,00:06:30,3,REGADOR SCM,11.31,31/08/2026,20:00
2026-09-01,00:06:30,50,BT CANAL SAN CARLOS REGANTES,17123.65,31/08/2026,20:00
2026-09-01,00:06:30,20,CANAL EYZAGUIRRE,4553.95,31/08/2026,20:00
2026-09-01,00:06:30,41,CANAL FLORIDA,18700.0,31/08/2026,20:00
2026-09-01,00:06:30,35,CANAL LAS PERDICES,2000.0,31/08/2026,20:00
2026-09-01,00:06:30,37,BT CANAL EL CARMEN,0.0,31/08/2026,20:00
2026-09-01,00:06:30,38,BT CANAL LA PUNTA,800.0,31/08/2026,20:00
2026-09-01,00:06:30,39,CANAL LA PÓLVORA,0.0,31/08/2026,20:00
2026-09-01,02:03:31,50,BT CANAL SAN CARLOS REGANTES,20332.25,31/08/2026,22:00
2026-09-01,04:03:52,50,BT CANAL SAN CARLOS REGANTES,0.0,01/09/2026,00:00
2026-09-01,06:05:20,1,RÍO MAIPO,59900.0,31/08/2026,22:00
2026-09-01,06:05:20,3,REGADOR SCM,12.48,31/08/2026,22:00
2026-09-01,06:05:20,50,BT CANAL SAN CARLOS REGANTES,0.0,01/09/2026,02:00
2026-09-01,06:05:20,20,CANAL EYZAGUIRRE,5013.29,31/08/2026,22:00
2026-09-01,06:05:20,41,CANAL FLORIDA,19300.0,31/08/2026,22:00
2026-09-01,06:05:20,35,CANAL LAS PERDICES,2000.0,31/08/2026,22:00
2026-09-01,06:05:20,37,BT CANAL EL CARMEN,0.0,31/08/2026,22:00
2026-09-01,06:05:20,38,BT CANAL LA PUNTA,800.0,31/08/2026,22:00
2026-09-01,06:05:20,39,CANAL LA PÓLVORA,0.0,31/08/2026,22:00
2026-09-01,08:04:28,1,RÍO MAIPO,57400.0,01/09/2026,02:00
2026-09-01,08:04:28,3,REGADOR SCM,11.96,01/09/2026,02:00
2026-09-01,08:04:28,50,BT CANAL SAN CARLOS REGANTES,0.0,01/09/2026,04:00
2026-09-01,08:04:28,20,CANAL EYZAGUIRRE,4808.23,01/09/2026,02:00
2026-09-01,08:04:28,41,CANAL FLORIDA,18800.0,01/09/2026,02:00
2026-09-01,08:04:28,35,CANAL LAS PERDICES,2000.0,01/09/2026,02:00
2026-09-01,08:04:28,37,BT CANAL EL CARMEN,0.0,01/09/2026,02:00
2026-09-01,08:04:28,38,BT CANAL LA PUNTA,800.0,01/09/2026,02:00
2026-09-01,08:04:28,39,CANAL LA PÓLVORA,0.0,01/09/2026,02:00
2026-09-01,10:04:02,1,RÍO MAIPO,56500.0,01/09/2026,06:00
2026-09-01,10:04:02,3,REGADOR SCM,11.77,01/09/2026,06:00
2026-09-01,10:04:02,50,BT CANAL SAN CARLOS REGANTES,19008.96,01/09/2026,06:00
2026-09-01,10:04:02,20,CANAL EYZAGUIRRE,4734.41,01/09/2026,06:00
2026-09-01,10:04:02,41,CANAL FLORIDA,18600.0,01/09/2026,06:00
2026-09-01,10:04:02,35,CANAL LAS PERDICES,2000.0,01/09/2026,06:00
2026-09-01,10:04:02,37,BT CANAL EL CARMEN,0.0,01/09/2026,06:00
2026-09-01,10:04:02,38,BT CANAL LA PUNTA,800.0,01/09/2026,06:00
2026-09-01,10:04:02,39,CANAL LA PÓLVORA,0.0,01/09/2026,06:00
2026-09-01,12:05:25,50,BT CANAL SAN CARLOS REGANTES,19108.96,01/09/2026,08:00
2026-09-01,14:04:29,1,RÍO MAIPO,53500.0,01/09/2026,08:00
2026-09-01,14:04:29,3,REGADOR SCM,11.14,01/09/2026,08:00
2026-09-01,14:04:29,50,BT CANAL SAN CARLOS REGANTES,0.0,01/09/2026,10:00
2026-09-01,14:04:29,20,CANAL EYZAGUIRRE,4488.33,01/09/2026,08:00
2026-09-01,14:04:29,41,CANAL FLORIDA,16400.0,01/09/2026,08:00
2026-09-01,14:04:29,35,CANAL LAS PERDICES,2000.0,01/09/2026,08:00
2026-09-01,14:04:29,37,BT CANAL EL CARMEN,0.0,01/09/2026,08:00
2026-09-01,14:04:29,38,BT CANAL LA PUNTA,800.0,01/09/2026,08:00
2026-09-01,14:04:29,39,CANAL LA PÓLVORA,0.0,01/09/2026,08:00
2026-09-01,16:34:20,50,BT CANAL SAN CARLOS REGANTES,18014.15,01/09/2026,12:00
2026-09-01,18:04:52,1,RÍO MAIPO,53000.0,01/09/2026,12:00
2026-09-01,18:04:52,3,REGADOR SCM,11.04,01/09/2026,12:00
2026-09-01,18:04:52,50,BT CANAL SAN CARLOS REGANTES,0.0,01/09/2026,14:00
2026-09-01,18:04:52,20,CANAL EYZAGUIRRE,4447.32,01/09/2026,12:00
2026-09-01,18:04:52,41,CANAL FLORIDA,16400.0,01/09/2026,12:00
2026-09-01,18:04:52,35,CANAL LAS PERDICES,2000.0,01/09/2026,12:00
2026-09-01,18:04:52,37,BT CANAL EL CARMEN,0.0,01/09/2026,12:00
2026-09-01,18:04:52,38,BT CANAL LA PUNTA,800.0,01/09/2026,12:00
2026-09-01,18:04:52,39,CANAL LA PÓLVORA,0.0,01/09/2026,12:00
2026-09-01,20:04:22,50,BT CANAL SAN CARLOS REGANTES,0.0,01/09/2026,16:00
2026-09-01,22:03:56,1,RÍO MAIPO,52000.0,01/09/2026,14:00
2026-09-01,22:03:56,3,REGADOR SCM,10.83,01/09/2026,14:00
2026-09-01,22:03:56,50,BT CANAL SAN CARLOS REGANTES,0.0,01/09/2026,18:00
2026-09-01,22:03:56,20,CANAL EYZAGUIRRE,4365.3,01/09/2026,14:00
2026-09-01,22:03:56,41,CANAL FLORIDA,17300.0,01/09/2026,14:00
2026-09-01,22:03:56,35,CANAL LAS PERDICES,2000.0,01/09/2026,14:00
2026-09-01,22:03:56,37,BT CANAL EL CARMEN,0.0,01/09/2026,14:00
2026-09-01,22:03:56,38,BT CANAL LA PUNTA,800.0,01/09/2026,14:00
2026-09-01,22:03:56,39,CANAL LA PÓLVORA,0.0,01/09/2026,14:00
2026-09-02,00:06:09,1,RÍO MAIPO,50400.0,01/09/2026,20:00
2026-09-02,00:06:09,3,REGADOR SCM,10.5,01/09/2026,20:00
2026-09-02,00:06:09,50,BT CANAL SAN CARLOS REGANTES,15695.16,01/09/2026,20:00
2026-09-02,00:06:09,20,CANAL EYZAGUIRRE,4234.06,01/09/2026,20:00
2026-09-02,00:06:09,41,CANAL FLORIDA,15300.0,01/09/2026,20:00
2026-09-02,00:06:09,35,CANAL LAS PERDICES,2000.0,01/09/2026,20:00
2026-09-02,00:06:09,37,BT CANAL EL CARMEN,0.0,01/09/2026,20:00
2026-09-02,00:06:09,38,BT CANAL LA PUNTA,800.0,01/09/2026,20:00
2026-09-02,00:06:09,39,CANAL LA PÓLVORA,0.0,01/09/2026,20:00
2026-09-02,02:10:08,50,BT CANAL SAN CARLOS REGANTES,17445.69,01/09/2026,22:00
2026-09-02,04:04:12,1,RÍO MAIPO,51000.0,01/09/2026,22:00
2026-09-02,04:04:12,3,REGADOR SCM,10.62,01/09/2026,22:00
2026-09-02,04:04:12,50,BT CANAL SAN CARLOS REGANTES,0.0,02/09/2026,00:00
2026-09-02,04:04:12,20,CANAL EYZAGUIRRE,4283.27,01/09/2026,22:00
2026-09-02,04:04:12,41,CANAL FLORIDA,13700.0,01/09/2026,22:00
2026-09-02,04:04:12,35,CANAL LAS PERDICES,2000.0,01/09/2026,22:00
2026-09-02,04:04:12,37,BT CANAL EL CARMEN,0.0,01/09/2026,22:00
2026-09-02,04:04:12,38,BT CANAL LA PUNTA,800.0,01/09/2026,22:00
2026-09-02,04:04:12,39,CANAL LA PÓLVORA,0.0,01/09/2026,22:00
2026-09-02,06:05:20,1,RÍO MAIPO,55000.0,02/09/2026,02:00
2026-09-02,06:05:20,3,REGADOR SCM,11.46,02/09/2026,02:00
2026-09-02,06:05:20,50,BT CANAL SAN CARLOS REGANTES,18782.61,02/09/2026,02:00
2026-09-02,06:05:20,20,CANAL EYZAGUIRRE,4611.37,02/09/2026,02:00
2026-09-02,06:05:20,41,CANAL FLORIDA,17100.0,02/09/2026,02:00
2026-09-02,06:05:20,35,CANAL LAS PERDICES,2000.0,02/09/2026,02:00
2026-09-02,06:05:20,37,BT CANAL EL CARMEN,0.0,02/09/2026,02:00
2026-09-02,06:05:20,38,BT CANAL LA PUNTA,800.0,02/09/2026,02:00
2026-09-02,06:05:20,39,CANAL LA PÓLVORA,0.0,02/09/2026,02:00
2026-09-02,08:04:32,1,RÍO MAIPO,55000.0,02/09/2026,04:00
2026-09-02,08:04:32,3,REGADOR SCM,11.46,02/09/2026,04:00
2026-09-02,08:04:32,50,BT CANAL SAN CARLOS REGANTES,18782.61,02/09/2026,04:00
2026-09-02,08:04:32,20,CANAL EYZAGUIRRE,4611.37,02/09/2026,04:00
2026-09-02,08:04:32,41,CANAL FLORIDA,16400.0,02/09/2026,04:00
2026-09-02,08:04:32,35,CANAL LAS PERDICES,2000.0,02/09/2026,04:00
2026-09-02,08:04:32,37,BT CANAL EL CARMEN,2200.0,02/09/2026,04:00
2026-09-02,08:04:32,38,BT CANAL LA PUNTA,800.0,02/09/2026,04:00
2026-09-02,08:04:32,39,CANAL LA PÓLVORA,0.0,02/09/2026,04:00
2026-09-02,10:04:46,1,RÍO MAIPO,51300.0,02/09/2026,06:00
2026-09-02,10:04:46,3,REGADOR SCM,10.69,02/09/2026,06:00
2026-09-02,10:04:46,50,BT CANAL SAN CARLOS REGANTES,17070.96,02/09/2026,06:00
2026-09-02,10:04:46,20,CANAL EYZAGUIRRE,4307.88,02/09/2026,06:00
2026-09-02,10:04:46,41,CANAL FLORIDA,14000.0,02/09/2026,06:00
2026-09-02,10:04:46,35,CANAL LAS PERDICES,2000.0,02/09/2026,06:00
2026-09-02,10:04:46,37,BT CANAL EL CARMEN,3100.0,02/09/2026,06:00
2026-09-02,10:04:46,38,BT CANAL LA PUNTA,800.0,02/09/2026,06:00
2026-09-02,10:04:46,39,CANAL LA PÓLVORA,0.0,02/09/2026,06:00
2026-09-02,12:05:18,50,BT CANAL SAN CARLOS REGANTES,17479.39,02/09/2026,08:00
2026-09-02,14:04:11,1,RÍO MAIPO,51400.0,02/09/2026,08:00
2026-09-02,14:04:11,3,REGADOR SCM,10.71,02/09/2026,08:00
2026-09-02,14:04:11,50,BT CANAL SAN CARLOS REGANTES,0.0,02/09/2026,10:00
2026-09-02,14:04:11,20,CANAL EYZAGUIRRE,4316.08,02/09/2026,08:00
2026-09-02,14:04:11,41,CANAL FLORIDA,14900.0,02/09/2026,08:00
2026-09-02,14:04:11,35,CANAL LAS PERDICES,2000.0,02/09/2026,08:00
2026-09-02,14:04:11,37,BT CANAL EL CARMEN,3000.0,02/09/2026,08:00
2026-09-02,14:04:11,38,BT CANAL LA PUNTA,800.0,02/09/2026,08:00
2026-09-02,14:04:11,39,CANAL LA PÓLVORA,0.0,02/09/2026,08:00
2026-09-02,16:03:58,50,BT CANAL SAN CARLOS REGANTES,17529.92,02/09/2026,12:00
2026-09-02,16:03:58,37,BT CANAL EL CARMEN,3000.0,02/09/2026,12:00
2026-09-02,16:03:58,38,BT CANAL LA PUNTA,900.0,02/09/2026,12:00
2026-09-02,16:03:58,39,CANAL LA PÓLVORA,0.0,02/09/2026,12:00
2026-09-02,18:05:02,1,RÍO MAIPO,52000.0,02/09/2026,12:00
2026-09-02,18:05:02,3,REGADOR SCM,10.83,02/09/2026,12:00
2026-09-02,18:05:02,50,BT CANAL SAN CARLOS REGANTES,0.0,02/09/2026,14:00
2026-09-02,18:05:02,20,CANAL EYZAGUIRRE,4365.3,02/09/2026,12:00
2026-09-02,18:05:02,41,CANAL FLORIDA,14500.0,02/09/2026,12:00
2026-09-02,18:05:02,35,CANAL LAS PERDICES,2000.0,02/09/2026,12:00
2026-09-02,20:04:18,1,RÍO MAIPO,51500.0,02/09/2026,14:00
2026-09-02,20:04:18,3,REGADOR SCM,10.73,02/09/2026,14:00
2026-09-02,20:04:18,50,BT CANAL SAN CARLOS REGANTES,0.0,02/09/2026,16:00
2026-09-02,20:04:18,20,CANAL EYZAGUIRRE,4324.28,02/09/2026,14:00
2026-09-02,20:04:18,41,CANAL FLORIDA,14600.0,02/09/2026,14:00
2026-09-02,20:04:18,35,CANAL LAS PERDICES,2000.0,02/09/2026,14:00
2026-09-02,20:04:18,37,BT CANAL EL CARMEN,3000.0,02/09/2026,14:00
2026-09-02,20:04:18,38,BT CANAL LA PUNTA,900.0,02/09/2026,14:00
2026-09-02,20:04:18,39,CANAL LA PÓLVORA,0.0,02/09/2026,14:00
2026-09-02,22:03:59,1,RÍO MAIPO,50500.0,02/09/2026,16:00
2026-09-02,22:03:59,3,REGADOR SCM,10.52,02/09/2026,16:00
2026-09-02,22:03:59,50,BT CANAL SAN CARLOS REGANTES,0.0,02/09/2026,18:00
2026-09-02,22:03:59,20,CANAL EYZAGUIRRE,4242.26,02/09/2026,16:00
2026-09-02,22:03:59,41,CANAL FLORIDA,15000.0,02/09/2026,16:00
2026-09-02,22:03:59,35,CANAL LAS PERDICES,2000.0,02/09/2026,16:00
2026-09-02,22:03:59,37,BT CANAL EL CARMEN,3000.0,02/09/2026,16:00
2026-09-02,22:03:59,38,BT CANAL LA PUNTA,900.0,02/09/2026,16:00
2026-09-02,22:03:59,39,CANAL LA PÓLVORA,0.0,02/09/2026,16:00
2026-09-03,00:06:38,1,RÍO MAIPO,52100.0,02/09/2026,20:00
2026-09-03,00:06:38,3,REGADOR SCM,10.85,02/09/2026,20:00
2026-09-03,00:06:38,50,BT CANAL SAN CARLOS REGANTES,17738.35,02/09/2026,20:00
2026-09-03,00:06:38,20,CANAL EYZAGUIRRE,4373.5,02/09/2026,20:00
2026-09-03,00:06:38,41,CANAL FLORIDA,14500.0,02/09/2026,20:00
2026-09-03,00:06:38,35,CANAL LAS PERDICES,2000.0,02/09/2026,20:00
2026-09-03,00:06:38,37,BT CANAL EL CARMEN,3000.0,02/09/2026,20:00
2026-09-03,00:06:38,38,BT CANAL LA PUNTA,900.0,02/09/2026,20:00
2026-09-03,00:06:38,39,CANAL LA PÓLVORA,0.0,02/09/2026,20:00
2026-09-03,02:08:19,50,BT CANAL SAN CARLOS REGANTES,17738.35,02/09/2026,22:00
2026-09-03,05:32:39,1,RÍO MAIPO,51100.0,02/09/2026,22:00
2026-09-03,05:32:39,3,REGADOR SCM,10.64,02/09/2026,22:00
2026-09-03,05:32:39,50,BT CANAL SAN CARLOS REGANTES,0.0,03/09/2026,01:00
2026-09-03,05:32:39,20,CANAL EYZAGUIRRE,4291.47,02/09/2026,22:00
2026-09-03,05:32:39,41,CANAL FLORIDA,15600.0,02/09/2026,22:00
2026-09-03,05:32:39,35,CANAL LAS PERDICES,2000.0,02/09/2026,22:00
2026-09-03,05:32:39,37,BT CANAL EL CARMEN,3000.0,02/09/2026,22:00
2026-09-03,05:32:39,38,BT CANAL LA PUNTA,900.0,02/09/2026,22:00
2026-09-03,05:32:39,39,CANAL LA PÓLVORA,0.0,02/09/2026,22:00
2026-09-03,06:07:17,1,RÍO MAIPO,51900.0,03/09/2026,02:00
2026-09-03,06:07:17,3,REGADOR SCM,10.81,03/09/2026,02:00
2026-09-03,06:07:17,50,BT CANAL SAN CARLOS REGANTES,16921.5,03/09/2026,02:00
2026-09-03,06:07:17,20,CANAL EYZAGUIRRE,4357.09,03/09/2026,02:00
2026-09-03,06:07:17,41,CANAL FLORIDA,14800.0,03/09/2026,02:00
2026-09-03,06:07:17,35,CANAL LAS PERDICES,2000.0,03/09/2026,02:00
2026-09-03,06:07:17,37,BT CANAL EL CARMEN,3000.0,03/09/2026,02:00
2026-09-03,06:07:17,38,BT CANAL LA PUNTA,900.0,03/09/2026,02:00
2026-09-03,06:07:17,39,CANAL LA PÓLVORA,0.0,03/09/2026,02:00
2026-09-03,08:04:24,50,BT CANAL SAN CARLOS REGANTES,16546.77,03/09/2026,04:00
2026-09-03,10:04:13,1,RÍO MAIPO,52200.0,03/09/2026,04:00
2026-09-03,10:04:13,3,REGADOR SCM,10.87,03/09/2026,04:00
2026-09-03,10:04:13,50,BT CANAL SAN CARLOS REGANTES,0.0,03/09/2026,06:00
2026-09-03,10:04:13,20,CANAL EYZAGUIRRE,4381.7,03/09/2026,04:00
2026-09-03,10:04:13,41,CANAL FLORIDA,14600.0,03/09/2026,04:00
2026-09-03,10:04:13,35,CANAL LAS PERDICES,2000.0,03/09/2026,04:00
2026-09-03,10:04:13,37,BT CANAL EL CARMEN,3000.0,03/09/2026,04:00
2026-09-03,10:04:13,38,BT CANAL LA PUNTA,900.0,03/09/2026,04:00
2026-09-03,10:04:13,39,CANAL LA PÓLVORA,0.0,03/09/2026,04:00
2026-09-03,12:05:13,1,RÍO MAIPO,52000.0,03/09/2026,06:00
2026-09-03,12:05:13,3,REGADOR SCM,10.83,03/09/2026,06:00
2026-09-03,12:05:13,50,BT CANAL SAN CARLOS REGANTES,0.0,03/09/2026,08:00
2026-09-03,12:05:13,20,CANAL EYZAGUIRRE,4365.3,03/09/2026,06:00
2026-09-03,12:05:13,41,CANAL FLORIDA,14200.0,03/09/2026,06:00
2026-09-03,12:05:13,35,CANAL LAS PERDICES,2000.0,03/09/2026,06:00
2026-09-03,12:05:13,37,BT CANAL EL CARMEN,3000.0,03/09/2026,06:00
2026-09-03,12:05:13,38,BT CANAL LA PUNTA,900.0,03/09/2026,06:00
2026-09-03,12:05:13,39,CANAL LA PÓLVORA,0.0,03/09/2026,06:00
2026-09-03,14:04:14,50,BT CANAL SAN CARLOS REGANTES,0.0,03/09/2026,10:00
2026-09-03,16:04:25,50,BT CANAL SAN CARLOS REGANTES,0.0,03/09/2026,12:00
2026-09-03,18:04:49,50,BT CANAL SAN CARLOS REGANTES,0.0,03/09/2026,14:00
2026-09-03,20:01:12,50,BT CANAL SAN CARLOS REGANTES,0.0,03/09/2026,16:00
2026-09-03,22:01:17,50,BT CANAL SAN CARLOS REGANTES,0.0,03/09/2026,18:00
2026-09-04,00:01:22,1,RÍO MAIPO,51700.0,03/09/2026,08:00
2026-09-04,00:01:22,3,REGADOR SCM,10.77,03/09/2026,08:00
2026-09-04,00:01:22,50,BT CANAL SAN CARLOS REGANTES,0.0,03/09/2026,20:00
2026-09-04,00:01:22,20,CANAL EYZAGUIRRE,4340.69,03/09/2026,08:00
2026-09-04,00:01:22,41,CANAL FLORIDA,14800.0,03/09/2026,08:00
2026-09-04,00:01:22,35,CANAL LAS PERDICES,2000.0,03/09/2026,08:00
2026-09-04,00:01:22,37,BT CANAL EL CARMEN,3000.0,03/09/2026,08:00
2026-09-04,00:01:22,38,BT CANAL LA PUNTA,900.0,03/09/2026,08:00
2026-09-04,00:01:22,39,CANAL LA PÓLVORA,0.0,03/09/2026,08:00
2026-09-04,02:01:04,1,RÍO MAIPO,53100.0,03/09/2026,20:00
2026-09-04,02:01:04,3,REGADOR SCM,11.06,03/09/2026,20:00
2026-09-04,02:01:04,50,BT CANAL SAN CARLOS REGANTES,0.0,03/09/2026,22:00
2026-09-04,02:01:04,20,CANAL EYZAGUIRRE,4455.52,03/09/2026,20:00
2026-09-04,02:01:04,41,CANAL FLORIDA,13900.0,03/09/2026,20:00
2026-09-04,02:01:04,35,CANAL LAS PERDICES,2000.0,03/09/2026,20:00
2026-09-04,02:01:04,37,BT CANAL EL CARMEN,3000.0,03/09/2026,20:00
2026-09-04,02:01:04,38,BT CANAL LA PUNTA,900.0,03/09/2026,20:00
2026-09-04,02:01:04,39,CANAL LA PÓLVORA,0.0,03/09/2026,20:00
2026-09-04,04:01:16,50,BT CANAL SAN CARLOS REGANTES,0.0,04/09/2026,00:00
2026-09-04,06:00:57,1,RÍO MAIPO,53800.0,03/09/2026,22:00
2026-09-04,06:00:57,3,REGADOR SCM,11.21,03/09/2026,22:00
2026-09-04,06:00:57,50,BT CANAL SAN CARLOS REGANTES,0.0,04/09/2026,02:00
2026-09-04,06:00:57,20,CANAL EYZAGUIRRE,4512.94,03/09/2026,22:00
2026-09-04,06:00:57,41,CANAL FLORIDA,15700.0,03/09/2026,22:00
2026-09-04,06:00:57,35,CANAL LAS PERDICES,2000.0,03/09/2026,22:00
2026-09-04,06:00:57,37,BT CANAL EL CARMEN,3000.0,03/09/2026,22:00
2026-09-04,06:00:57,38,BT CANAL LA PUNTA,900.0,03/09/2026,22:00
2026-09-04,06:00:57,39,CANAL LA PÓLVORA,0.0,03/09/2026,22:00
2026-09-04,08:01:18,1,RÍO MAIPO,54500.0,04/09/2026,02:00
2026-09-04,08:01:18,3,REGADOR SCM,11.35,04/09/2026,02:00
2026-09-04,08:01:18,50,BT CANAL SAN CARLOS REGANTES,0.0,04/09/2026,04:00
2026-09-04,08:01:18,20,CANAL EYZAGUIRRE,4570.36,04/09/2026,02:00
2026-09-04,08:01:18,41,CANAL FLORIDA,16800.0,04/09/2026,02:00
2026-09-04,08:01:18,35,CANAL LAS PERDICES,2000.0,04/09/2026,02:00
2026-09-04,10:01:22,1,RÍO MAIPO,53600.0,04/09/2026,04:00
2026-09-04,10:01:22,3,REGADOR SCM,11.17,04/09/2026,04:00
2026-09-04,10:01:22,50,BT CANAL SAN CARLOS REGANTES,0.0,04/09/2026,06:00
2026-09-04,10:01:22,20,CANAL EYZAGUIRRE,4496.54,04/09/2026,04:00
2026-09-04,10:01:22,41,CANAL FLORIDA,16000.0,04/09/2026,04:00
2026-09-04,10:01:22,35,CANAL LAS PERDICES,2000.0,04/09/2026,04:00
2026-09-04,10:01:22,37,BT CANAL EL CARMEN,3000.0,04/09/2026,04:00
2026-09-04,10:01:22,38,BT CANAL LA PUNTA,900.0,04/09/2026,04:00
2026-09-04,10:01:22,39,CANAL LA PÓLVORA,0.0,04/09/2026,04:00
2026-09-04,12:01:26,1,RÍO MAIPO,54600.0,04/09/2026,06:00
2026-09-04,12:01:26,3,REGADOR SCM,11.37,04/09/2026,06:00
2026-09-04,12:01:26,50,BT CANAL SAN CARLOS REGANTES,0.0,04/09/2026,08:00
2026-09-04,12:01:26,20,CANAL EYZAGUIRRE,4578.56,04/09/2026,06:00
2026-09-04,12:01:26,41,CANAL FLORIDA,16000.0,04/09/2026,06:00
2026-09-04,12:01:26,35,CANAL LAS PERDICES,2000.0,04/09/2026,06:00
2026-09-04,12:01:26,37,BT CANAL EL CARMEN,3000.0,04/09/2026,06:00
2026-09-04,12:01:26,38,BT CANAL LA PUNTA,900.0,04/09/2026,06:00
2026-09-04,12:01:26,39,CANAL LA PÓLVORA,0.0,04/09/2026,06:00
2026-09-04,14:01:26,50,BT CANAL SAN CARLOS REGANTES,0.0,04/09/2026,10:00
2026-09-04,16:00:59,1,RÍO MAIPO,53300.0,04/09/2026,08:00
2026-09-04,16:00:59,3,REGADOR SCM,11.1,04/09/2026,08:00
2026-09-04,16:00:59,50,BT CANAL SAN CARLOS REGANTES,0.0,04/09/2026,12:00
2026-09-04,16:00:59,20,CANAL EYZAGUIRRE,4471.93,04/09/2026,08:00
2026-09-04,16:00:59,41,CANAL FLORIDA,15700.0,04/09/2026,08:00
2026-09-04,16:00:59,35,CANAL LAS PERDICES,2000.0,04/09/2026,08:00
2026-09-04,16:00:59,37,BT CANAL EL CARMEN,3000.0,04/09/2026,08:00
2026-09-04,16:00:59,38,BT CANAL LA PUNTA,900.0,04/09/2026,08:00
2026-09-04,16:00:59,39,CANAL LA PÓLVORA,0.0,04/09/2026,08:00
2026-09-04,18:01:13,50,BT CANAL SAN CARLOS REGANTES,0.0,04/09/2026,14:00
2026-09-04,20:01:08,50,BT CANAL SAN CARLOS REGANTES,0.0,04/09/2026,16:00
2026-09-04,22:01:32,50,BT CANAL SAN CARLOS REGANTES,0.0,04/09/2026,18:00
2026-09-05,00:01:21,1,RÍO MAIPO,53200.0,04/09/2026,12:00
2026-09-05,00:01:21,3,REGADOR SCM,11.08,04/09/2026,12:00
2026-09-05,00:01:21,50,BT CANAL SAN CARLOS REGANTES,0.0,04/09/2026,20:00
2026-09-05,00:01:21,20,CANAL EYZAGUIRRE,4463.73,04/09/2026,12:00
2026-09-05,00:01:21,41,CANAL FLORIDA,15600.0,04/09/2026,12:00
2026-09-05,00:01:21,35,CANAL LAS PERDICES,2000.0,04/09/2026,12:00
2026-09-05,00:01:21,37,BT CANAL EL CARMEN,3000.0,04/09/2026,12:00
2026-09-05,00:01:21,38,BT CANAL LA PUNTA,900.0,04/09/2026,12:00
2026-09-05,00:01:21,39,CANAL LA PÓLVORA,0.0,04/09/2026,12:00
2026-09-05,02:01:11,1,RÍO MAIPO,53400.0,04/09/2026,20:00
2026-09-05,02:01:11,3,REGADOR SCM,11.12,04/09/2026,20:00
2026-09-05,02:01:11,50,BT CANAL SAN CARLOS REGANTES,0.0,04/09/2026,22:00
2026-09-05,02:01:11,20,CANAL EYZAGUIRRE,4480.13,04/09/2026,20:00
2026-09-05,02:01:11,41,CANAL FLORIDA,14700.0,04/09/2026,20:00
2026-09-05,02:01:11,35,CANAL LAS PERDICES,2000.0,04/09/2026,20:00
2026-09-05,02:01:11,37,BT CANAL EL CARMEN,4000.0,04/09/2026,20:00
2026-09-05,02:01:11,38,BT CANAL LA PUNTA,900.0,04/09/2026,20:00
2026-09-05,02:01:11,39,CANAL LA PÓLVORA,0.0,04/09/2026,20:00
2026-09-05,04:00:58,1,RÍO MAIPO,53900.0,04/09/2026,22:00
2026-09-05,04:00:58,3,REGADOR SCM,11.23,04/09/2026,22:00
2026-09-05,04:00:58,50,BT CANAL SAN CARLOS REGANTES,0.0,05/09/2026,00:00
2026-09-05,04:00:58,20,CANAL EYZAGUIRRE,4521.14,04/09/2026,22:00
2026-09-05,04:00:58,41,CANAL FLORIDA,15100.0,04/09/2026,22:00
2026-09-05,04:00:58,35,CANAL LAS PERDICES,2000.0,04/09/2026,22:00
2026-09-05,04:00:58,37,BT CANAL EL CARMEN,3900.0,04/09/2026,22:00
2026-09-05,04:00:58,38,BT CANAL LA PUNTA,900.0,04/09/2026,22:00
2026-09-05,04:00:58,39,CANAL LA PÓLVORA,0.0,04/09/2026,22:00
2026-09-05,06:00:53,1,RÍO MAIPO,56500.0,05/09/2026,02:00
2026-09-05,06:00:53,3,REGADOR SCM,11.77,05/09/2026,02:00
2026-09-05,06:00:53,50,BT CANAL SAN CARLOS REGANTES,18408.96,05/09/2026,02:00
2026-09-05,06:00:53,20,CANAL EYZAGUIRRE,4734.41,05/09/2026,02:00
2026-09-05,06:00:53,41,CANAL FLORIDA,17400.0,05/09/2026,02:00
2026-09-05,06:00:53,35,CANAL LAS PERDICES,2000.0,05/09/2026,02:00
2026-09-05,06:00:53,37,BT CANAL EL CARMEN,4400.0,05/09/2026,02:00
2026-09-05,06:00:53,38,BT CANAL LA PUNTA,900.0,05/09/2026,02:00
2026-09-05,06:00:53,39,CANAL LA PÓLVORA,0.0,05/09/2026,02:00
2026-09-05,08:01:12,50,BT CANAL SAN CARLOS REGANTES,18148.92,05/09/2026,04:00
2026-09-05,10:00:50,1,RÍO MAIPO,54600.0,05/09/2026,04:00
2026-09-05,10:00:50,3,REGADOR SCM,11.37,05/09/2026,04:00
2026-09-05,10:00:50,50,BT CANAL SAN CARLOS REGANTES,0.0,05/09/2026,06:00
2026-09-05,10:00:50,20,CANAL EYZAGUIRRE,4578.56,05/09/2026,04:00
2026-09-05,10:00:50,41,CANAL FLORIDA,16300.0,05/09/2026,04:00
2026-09-05,10:00:50,35,CANAL LAS PERDICES,2000.0,05/09/2026,04:00
2026-09-05,10:00:50,37,BT CANAL EL CARMEN,4500.0,05/09/2026,04:00
2026-09-05,10:00:50,38,BT CANAL LA PUNTA,900.0,05/09/2026,04:00
2026-09-05,10:00:50,39,CANAL LA PÓLVORA,0.0,05/09/2026,04:00
2026-09-05,12:00:59,50,BT CANAL SAN CARLOS REGANTES,17932.07,05/09/2026,08:00
2026-09-05,14:01:02,1,RÍO MAIPO,54400.0,05/09/2026,08:00
2026-09-05,14:01:02,3,REGADOR SCM,11.33,05/09/2026,08:00
2026-09-05,14:01:02,50,BT CANAL SAN CARLOS REGANTES,0.0,05/09/2026,10:00
2026-09-05,14:01:02,20,CANAL EYZAGUIRRE,4562.16,05/09/2026,08:00
2026-09-05,14:01:02,41,CANAL FLORIDA,16100.0,05/09/2026,08:00
2026-09-05,14:01:02,35,CANAL LAS PERDICES,2000.0,05/09/2026,08:00
2026-09-05,14:01:02,37,BT CANAL EL CARMEN,4500.0,05/09/2026,08:00
2026-09-05,14:01:02,38,BT CANAL LA PUNTA,900.0,05/09/2026,08:00
2026-09-05,14:01:02,39,CANAL LA PÓLVORA,0.0,05/09/2026,08:00
2026-09-05,16:01:13,1,RÍO MAIPO,53600.0,05/09/2026,10:00
2026-09-05,16:01:13,3,REGADOR SCM,11.17,05/09/2026,10:00
2026-09-05,16:01:13,50,BT CANAL SAN CARLOS REGANTES,0.0,05/09/2026,12:00
2026-09-05,16:01:13,20,CANAL EYZAGUIRRE,4496.54,05/09/2026,10:00
2026-09-05,16:01:13,41,CANAL FLORIDA,16500.0,05/09/2026,10:00
2026-09-05,16:01:13,35,CANAL LAS PERDICES,2000.0,05/09/2026,10:00
2026-09-05,16:01:13,37,BT CANAL EL CARMEN,4500.0,05/09/2026,10:00
2026-09-05,16:01:13,38,BT CANAL LA PUNTA,900.0,05/09/2026,10:00
2026-09-05,16:01:13,39,CANAL LA PÓLVORA,0.0,05/09/2026,10:00
2026-09-05,18:01:14,1,RÍO MAIPO,53900.0,05/09/2026,12:00
2026-09-05,18:01:14,3,REGADOR SCM,11.23,05/09/2026,12:00
2026-09-05,18:01:14,50,BT CANAL SAN CARLOS REGANTES,0.0,05/09/2026,14:00
2026-09-05,18:01:14,20,CANAL EYZAGUIRRE,4521.14,05/09/2026,12:00
2026-09-05,18:01:14,41,CANAL FLORIDA,15000.0,05/09/2026,12:00
2026-09-05,18:01:14,35,CANAL LAS PERDICES,2000.0,05/09/2026,12:00
2026-09-05,18:01:14,37,BT CANAL EL CARMEN,4500.0,05/09/2026,12:00
2026-09-05,18:01:14,38,BT CANAL LA PUNTA,1100.0,05/09/2026,12:00
2026-09-05,18:01:14,39,CANAL LA PÓLVORA,0.0,05/09/2026,12:00
2026-09-05,20:01:05,1,RÍO MAIPO,53200.0,05/09/2026,14:00
2026-09-05,20:01:05,3,REGADOR SCM,11.08,05/09/2026,14:00
2026-09-05,20:01:05,50,BT CANAL SAN CARLOS REGANTES,0.0,05/09/2026,16:00
2026-09-05,20:01:05,20,CANAL EYZAGUIRRE,4463.73,05/09/2026,14:00
2026-09-05,20:01:05,41,CANAL FLORIDA,15300.0,05/09/2026,14:00
2026-09-05,20:01:05,35,CANAL LAS PERDICES,2000.0,05/09/2026,14:00
2026-09-05,20:01:05,37,BT CANAL EL CARMEN,4500.0,05/09/2026,14:00
2026-09-05,20:01:05,38,BT CANAL LA PUNTA,1100.0,05/09/2026,14:00
2026-09-05,20:01:05,39,CANAL LA PÓLVORA,0.0,05/09/2026,14:00
2026-09-05,22:01:16,1,RÍO MAIPO,53300.0,05/09/2026,16:00
2026-09-05,22:01:16,3,REGADOR SCM,11.1,05/09/2026,16:00
2026-09-05,22:01:16,50,BT CANAL SAN CARLOS REGANTES,0.0,05/09/2026,18:00
2026-09-05,22:01:16,20,CANAL EYZAGUIRRE,4471.93,05/09/2026,16:00
2026-09-05,22:01:16,41,CANAL FLORIDA,15200.0,05/09/2026,16:00
2026-09-05,22:01:16,35,CANAL LAS PERDICES,2000.0,05/09/2026,16:00
2026-09-05,22:01:16,37,BT CANAL EL CARMEN,4500.0,05/09/2026,16:00
2026-09-05,22:01:16,38,BT CANAL LA PUNTA,1100.0,05/09/2026,16:00
2026-09-05,22:01:16,39,CANAL LA PÓLVORA,0.0,05/09/2026,16:00
2026-09-06,00:01:20,50,BT CANAL SAN CARLOS REGANTES,0.0,05/09/2026,20:00
2026-09-06,02:00:58,1,RÍO MAIPO,52500.0,05/09/2026,18:00
2026-09-06,02:00:58,3,REGADOR SCM,10.94,05/09/2026,18:00
2026-09-06,02:00:58,50,BT CANAL SAN CARLOS REGANTES,0.0,05/09/2026,22:00
2026-09-06,02:00:58,20,CANAL EYZAGUIRRE,4406.31,05/09/2026,18:00
2026-09-06,02:00:58,41,CANAL FLORIDA,14400.0,05/09/2026,18:00
2026-09-06,02:00:58,35,CANAL LAS PERDICES,2000.0,05/09/2026,18:00
2026-09-06,02:00:58,37,BT CANAL EL CARMEN,4500.0,05/09/2026,18:00
2026-09-06,02:00:58,38,BT CANAL LA PUNTA,1100.0,05/09/2026,18:00
2026-09-06,02:00:58,39,CANAL LA PÓLVORA,0.0,05/09/2026,18:00
2026-09-06,04:00:57,1,RÍO MAIPO,54000.0,05/09/2026,22:00
2026-09-06,04:00:57,3,REGADOR SCM,11.25,05/09/2026,22:00
2026-09-06,04:00:57,50,BT CANAL SAN CARLOS REGANTES,0.0,06/09/2026,01:00
2026-09-06,04:00:57,20,CANAL EYZAGUIRRE,4529.35,05/09/2026,22:00
2026-09-06,04:00:57,41,CANAL FLORIDA,15900.0,05/09/2026,22:00
2026-09-06,04:00:57,35,CANAL LAS PERDICES,2000.0,05/09/2026,22:00
2026-09-06,04:00:57,37,BT CANAL EL CARMEN,4400.0,05/09/2026,22:00
2026-09-06,04:00:57,38,BT CANAL LA PUNTA,1100.0,05/09/2026,22:00
2026-09-06,04:00:57,39,CANAL LA PÓLVORA,0.0,05/09/2026,22:00
2026-09-06,06:00:53,50,BT CANAL SAN CARLOS REGANTES,0.0,06/09/2026,03:00
2026-09-06,08:01:16,1,RÍO MAIPO,53700.0,06/09/2026,02:00
2026-09-06,08:01:16,3,REGADOR SCM,11.19,06/09/2026,02:00
2026-09-06,08:01:16,50,BT CANAL SAN CARLOS REGANTES,0.0,06/09/2026,05:00
2026-09-06,08:01:16,20,CANAL EYZAGUIRRE,4504.74,06/09/2026,02:00
2026-09-06,08:01:16,41,CANAL FLORIDA,16400.0,06/09/2026,02:00
2026-09-06,08:01:16,35,CANAL LAS PERDICES,2000.0,06/09/2026,02:00
2026-09-06,08:01:16,37,BT CANAL EL CARMEN,4500.0,06/09/2026,02:00
2026-09-06,08:01:16,38,BT CANAL LA PUNTA,1100.0,06/09/2026,02:00
2026-09-06,08:01:16,39,CANAL LA PÓLVORA,0.0,06/09/2026,02:00
2026-09-06,10:00:56,1,RÍO MAIPO,54400.0,06/09/2026,06:00
2026-09-06,10:00:56,3,REGADOR SCM,11.33,06/09/2026,06:00
2026-09-06,10:00:56,50,BT CANAL SAN CARLOS REGANTES,0.0,06/09/2026,07:00
2026-09-06,10:00:56,20,CANAL EYZAGUIRRE,4562.16,06/09/2026,06:00
2026-09-06,10:00:56,41,CANAL FLORIDA,16400.0,06/09/2026,06:00
2026-09-06,10:00:56,35,CANAL LAS PERDICES,2000.0,06/09/2026,06:00
2026-09-06,10:00:56,37,BT CANAL EL CARMEN,4500.0,06/09/2026,06:00
2026-09-06,10:00:56,38,BT CANAL LA PUNTA,1100.0,06/09/2026,06:00
2026-09-06,10:00:56,39,CANAL LA PÓLVORA,0.0,06/09/2026,06:00
2026-09-06,12:00:54,1,RÍO MAIPO,52600.0,06/09/2026,08:00
2026-09-06,12:00:54,3,REGADOR SCM,10.96,06/09/2026,08:00
2026-09-06,12:00:54,50,BT CANAL SAN CARLOS REGANTES,0.0,06/09/2026,09:00
2026-09-06,12:00:54,20,CANAL EYZAGUIRRE,4414.51,06/09/2026,08:00
2026-09-06,12:00:54,41,CANAL FLORIDA,15700.0,06/09/2026,08:00
2026-09-06,12:00:54,35,CANAL LAS PERDICES,2000.0,06/09/2026,08:00
2026-09-06,12:00:54,37,BT CANAL EL CARMEN,4500.0,06/09/2026,08:00
2026-09-06,12:00:54,38,BT CANAL LA PUNTA,1100.0,06/09/2026,08:00
2026-09-06,12:00:54,39,CANAL LA PÓLVORA,0.0,06/09/2026,08:00
2026-09-06,14:00:54,1,RÍO MAIPO,52700.0,06/09/2026,10:00
2026-09-06,14:00:54,3,REGADOR SCM,10.98,06/09/2026,10:00
2026-09-06,14:00:54,50,BT CANAL SAN CARLOS REGANTES,0.0,06/09/2026,11:00
2026-09-06,14:00:54,20,CANAL EYZAGUIRRE,4422.71,06/09/2026,10:00
2026-09-06,14:00:54,41,CANAL FLORIDA,15000.0,06/09/2026,10:00
2026-09-06,14:00:54,35,CANAL LAS PERDICES,2000.0,06/09/2026,10:00
2026-09-06,14:00:54,37,BT CANAL EL CARMEN,4500.0,06/09/2026,10:00
2026-09-06,14:00:54,38,BT CANAL LA PUNTA,1100.0,06/09/2026,10:00
2026-09-06,14:00:54,39,CANAL LA PÓLVORA,0.0,06/09/2026,10:00
2026-09-06,16:01:15,1,RÍO MAIPO,51900.0,06/09/2026,12:00
2026-09-06,16:01:15,3,REGADOR SCM,10.81,06/09/2026,12:00
2026-09-06,16:01:15,50,BT CANAL SAN CARLOS REGANTES,0.0,06/09/2026,13:00
2026-09-06,16:01:15,20,CANAL EYZAGUIRRE,4357.09,06/09/2026,12:00
2026-09-06,16:01:15,41,CANAL FLORIDA,14500.0,06/09/2026,12:00
2026-09-06,16:01:15,35,CANAL LAS PERDICES,2000.0,06/09/2026,12:00
2026-09-06,16:01:15,37,BT CANAL EL CARMEN,4400.0,06/09/2026,12:00
2026-09-06,16:01:15,38,BT CANAL LA PUNTA,1100.0,06/09/2026,12:00
2026-09-06,16:01:15,39,CANAL LA PÓLVORA,0.0,06/09/2026,12:00
2026-09-06,18:01:04,1,RÍO MAIPO,52600.0,06/09/2026,14:00
2026-09-06,18:01:04,3,REGADOR SCM,10.96,06/09/2026,14:00
2026-09-06,18:01:04,50,BT CANAL SAN CARLOS REGANTES,0.0,06/09/2026,15:00
2026-09-06,18:01:04,20,CANAL EYZAGUIRRE,4414.51,06/09/2026,14:00
2026-09-06,18:01:04,41,CANAL FLORIDA,15300.0,06/09/2026,14:00
2026-09-06,18:01:04,35,CANAL LAS PERDICES,2000.0,06/09/2026,14:00
2026-09-06,18:01:04,37,BT CANAL EL CARMEN,4500.0,06/09/2026,14:00
2026-09-06,18:01:04,38,BT CANAL LA PUNTA,1100.0,06/09/2026,14:00
2026-09-06,18:01:04,39,CANAL LA PÓLVORA,0.0,06/09/2026,14:00
2026-09-06,20:01:10,1,RÍO MAIPO,51800.0,06/09/2026,16:00
2026-09-06,20:01:10,3,REGADOR SCM,10.79,06/09/2026,16:00
2026-09-06,20:01:10,50,BT CANAL SAN CARLOS REGANTES,0.0,06/09/2026,17:00
2026-09-06,20:01:10,20,CANAL EYZAGUIRRE,4348.89,06/09/2026,16:00
2026-09-06,20:01:10,41,CANAL FLORIDA,14100.0,06/09/2026,16:00
2026-09-06,20:01:10,35,CANAL LAS PERDICES,2000.0,06/09/2026,16:00
2026-09-06,20:01:10,37,BT CANAL EL CARMEN,4400.0,06/09/2026,16:00
2026-09-06,20:01:10,38,BT CANAL LA PUNTA,1100.0,06/09/2026,16:00
2026-09-06,20:01:10,39,CANAL LA PÓLVORA,0.0,06/09/2026,16:00
2026-09-06,22:00:51,50,BT CANAL SAN CARLOS REGANTES,0.0,06/09/2026,19:00
2026-09-07,00:01:22,1,RÍO MAIPO,51200.0,06/09/2026,18:00
2026-09-07,00:01:22,3,REGADOR SCM,10.67,06/09/2026,18:00
2026-09-07,00:01:22,50,BT CANAL SAN CARLOS REGANTES,0.0,06/09/2026,21:00
2026-09-07,00:01:22,20,CANAL EYZAGUIRRE,4299.68,06/09/2026,18:00
2026-09-07,00:01:22,41,CANAL FLORIDA,14500.0,06/09/2026,18:00
2026-09-07,00:01:22,35,CANAL LAS PERDICES,2000.0,06/09/2026,18:00
2026-09-07,00:01:22,37,BT CANAL EL CARMEN,4400.0,06/09/2026,18:00
2026-09-07,00:01:22,38,BT CANAL LA PUNTA,1100.0,06/09/2026,18:00
2026-09-07,00:01:22,39,CANAL LA PÓLVORA,0.0,06/09/2026,18:00
2026-09-07,02:01:02,50,BT CANAL SAN CARLOS REGANTES,0.0,06/09/2026,23:00
2026-09-07,04:00:51,1,RÍO MAIPO,53000.0,06/09/2026,22:00
2026-09-07,04:00:51,3,REGADOR SCM,11.04,06/09/2026,22:00
2026-09-07,04:00:51,50,BT CANAL SAN CARLOS REGANTES,0.0,07/09/2026,01:00
2026-09-07,04:00:51,20,CANAL EYZAGUIRRE,4447.32,06/09/2026,22:00
2026-09-07,04:00:51,41,CANAL FLORIDA,16700.0,06/09/2026,22:00
2026-09-07,04:00:51,35,CANAL LAS PERDICES,2000.0,06/09/2026,22:00
2026-09-07,04:00:51,37,BT CANAL EL CARMEN,4500.0,06/09/2026,22:00
2026-09-07,04:00:51,38,BT CANAL LA PUNTA,1100.0,06/09/2026,22:00
2026-09-07,04:00:51,39,CANAL LA PÓLVORA,0.0,06/09/2026,22:00
2026-09-07,06:00:59,1,RÍO MAIPO,54000.0,07/09/2026,02:00
2026-09-07,06:00:59,3,REGADOR SCM,11.25,07/09/2026,02:00
2026-09-07,06:00:59,50,BT CANAL SAN CARLOS REGANTES,0.0,07/09/2026,03:00
2026-09-07,06:00:59,20,CANAL EYZAGUIRRE,4529.35,07/09/2026,02:00
2026-09-07,06:00:59,41,CANAL FLORIDA,17000.0,07/09/2026,02:00
2026-09-07,06:00:59,35,CANAL LAS PERDICES,2000.0,07/09/2026,02:00
2026-09-07,06:00:59,37,BT CANAL EL CARMEN,4500.0,07/09/2026,02:00
2026-09-07,06:00:59,38,BT CANAL LA PUNTA,1100.0,07/09/2026,02:00
2026-09-07,06:00:59,39,CANAL LA PÓLVORA,0.0,07/09/2026,02:00
2026-09-07,08:01:28,1,RÍO MAIPO,53900.0,07/09/2026,04:00
2026-09-07,08:01:28,3,REGADOR SCM,11.23,07/09/2026,04:00
2026-09-07,08:01:28,50,BT CANAL SAN CARLOS REGANTES,0.0,07/09/2026,05:00
2026-09-07,08:01:28,20,CANAL EYZAGUIRRE,4521.14,07/09/2026,04:00
2026-09-07,08:01:28,41,CANAL FLORIDA,16300.0,07/09/2026,04:00
2026-09-07,08:01:28,35,CANAL LAS PERDICES,2000.0,07/09/2026,04:00
2026-09-07,08:01:28,37,BT CANAL EL CARMEN,4500.0,07/09/2026,04:00
2026-09-07,08:01:28,38,BT CANAL LA PUNTA,1100.0,07/09/2026,04:00
2026-09-07,08:01:28,39,CANAL LA PÓLVORA,0.0,07/09/2026,04:00
2026-09-07,10:01:04,1,RÍO MAIPO,52400.0,07/09/2026,06:00
2026-09-07,10:01:04,3,REGADOR SCM,10.92,07/09/2026,06:00
2026-09-07,10:01:04,50,BT CANAL SAN CARLOS REGANTES,0.0,07/09/2026,07:00
2026-09-07,10:01:04,20,CANAL EYZAGUIRRE,4398.11,07/09/2026,06:00
2026-09-07,10:01:04,41,CANAL FLORIDA,16500.0,07/09/2026,06:00
2026-09-07,10:01:04,35,CANAL LAS PERDICES,2000.0,07/09/2026,06:00
2026-09-07,10:01:04,37,BT CANAL EL CARMEN,4500.0,07/09/2026,06:00
2026-09-07,10:01:04,38,BT CANAL LA PUNTA,1100.0,07/09/2026,06:00
2026-09-07,10:01:04,39,CANAL LA PÓLVORA,0.0,07/09/2026,06:00
2026-09-07,12:01:06,1,RÍO MAIPO,55100.0,07/09/2026,08:00
2026-09-07,12:01:06,3,REGADOR SCM,11.48,07/09/2026,08:00
2026-09-07,12:01:06,50,BT CANAL SAN CARLOS REGANTES,0.0,07/09/2026,09:00
2026-09-07,12:01:06,20,CANAL EYZAGUIRRE,4619.57,07/09/2026,08:00
2026-09-07,12:01:06,41,CANAL FLORIDA,15400.0,07/09/2026,08:00
2026-09-07,12:01:06,35,CANAL LAS PERDICES,2000.0,07/09/2026,08:00
2026-09-07,12:01:06,37,BT CANAL EL CARMEN,4500.0,07/09/2026,08:00
2026-09-07,12:01:06,38,BT CANAL LA PUNTA,1100.0,07/09/2026,08:00
2026-09-07,12:01:06,39,CANAL LA PÓLVORA,0.0,07/09/2026,08:00
2026-09-07,09:25:43,50,BT CANAL SAN CARLOS REGANTES,17991.03,07/09/2026,10:00
2026-09-07,11:01:46,1,RÍO MAIPO,45000.0,07/09/2026,10:00
2026-09-07,11:01:46,3,REGADOR SCM,9.37,07/09/2026,10:00
2026-09-07,11:01:46,50,BT CANAL SAN CARLOS REGANTES,0.0,07/09/2026,11:00
2026-09-07,11:01:46,20,CANAL EYZAGUIRRE,3791.12,07/09/2026,10:00
2026-09-07,11:01:46,41,CANAL FLORIDA,17000.0,07/09/2026,10:00
2026-09-07,11:01:46,35,CANAL LAS PERDICES,2000.0,07/09/2026,10:00
2026-09-07,11:01:46,37,BT CANAL EL CARMEN,4800.0,07/09/2026,10:00
2026-09-07,11:01:46,38,BT CANAL LA PUNTA,1100.0,07/09/2026,10:00
2026-09-07,11:01:46,39,CANAL LA PÓLVORA,0.0,07/09/2026,10:00
2026-09-07,13:01:09,1,RÍO MAIPO,45000.0,07/09/2026,12:00
2026-09-07,13:01:09,3,REGADOR SCM,9.37,07/09/2026,12:00
2026-09-07,13:01:09,50,BT CANAL SAN CARLOS REGANTES,0.0,07/09/2026,13:00
2026-09-07,13:01:09,20,CANAL EYZAGUIRRE,3791.12,07/09/2026,12:00
2026-09-07,13:01:09,41,CANAL FLORIDA,15100.0,07/09/2026,12:00
2026-09-07,13:01:09,35,CANAL LAS PERDICES,2000.0,07/09/2026,12:00
2026-09-07,13:01:09,37,BT CANAL EL CARMEN,4800.0,07/09/2026,12:00
2026-09-07,13:01:09,38,BT CANAL LA PUNTA,1100.0,07/09/2026,12:00
2026-09-07,13:01:09,39,CANAL LA PÓLVORA,0.0,07/09/2026,12:00
2026-09-07,15:01:22,1,RÍO MAIPO,42600.0,07/09/2026,14:00
2026-09-07,15:01:22,3,REGADOR SCM,8.87,07/09/2026,14:00
2026-09-07,15:01:22,50,BT CANAL SAN CARLOS REGANTES,0.0,07/09/2026,15:00
2026-09-07,15:01:22,20,CANAL EYZAGUIRRE,3594.26,07/09/2026,14:00
2026-09-07,15:01:22,41,CANAL FLORIDA,15300.0,07/09/2026,14:00
2026-09-07,15:01:22,35,CANAL LAS PERDICES,2000.0,07/09/2026,14:00
2026-09-07,15:01:22,37,BT CANAL EL CARMEN,4800.0,07/09/2026,14:00
2026-09-07,15:01:22,38,BT CANAL LA PUNTA,1100.0,07/09/2026,14:00
2026-09-07,15:01:22,39,CANAL LA PÓLVORA,0.0,07/09/2026,14:00
2026-09-07,17:01:23,1,RÍO MAIPO,51400.0,07/09/2026,16:00
2026-09-07,17:01:23,3,REGADOR SCM,10.71,07/09/2026,16:00
2026-09-07,17:01:23,50,BT CANAL SAN CARLOS REGANTES,0.0,07/09/2026,17:00
2026-09-07,17:01:23,20,CANAL EYZAGUIRRE,4316.08,07/09/2026,16:00
2026-09-07,17:01:23,41,CANAL FLORIDA,13200.0,07/09/2026,16:00
2026-09-07,17:01:23,35,CANAL LAS PERDICES,2000.0,07/09/2026,16:00
2026-09-07,17:01:23,37,BT CANAL EL CARMEN,4800.0,07/09/2026,16:00
2026-09-07,17:01:23,38,BT CANAL LA PUNTA,1100.0,07/09/2026,16:00
2026-09-07,17:01:23,39,CANAL LA PÓLVORA,0.0,07/09/2026,16:00
2026-09-07,19:01:06,1,RÍO MAIPO,51200.0,07/09/2026,18:00
2026-09-07,19:01:06,3,REGADOR SCM,10.67,07/09/2026,18:00
2026-09-07,19:01:06,50,BT CANAL SAN CARLOS REGANTES,0.0,07/09/2026,19:00
2026-09-07,19:01:06,20,CANAL EYZAGUIRRE,4299.68,07/09/2026,18:00
2026-09-07,19:01:06,41,CANAL FLORIDA,13800.0,07/09/2026,18:00
2026-09-07,19:01:06,35,CANAL LAS PERDICES,2000.0,07/09/2026,18:00
2026-09-07,19:01:06,37,BT CANAL EL CARMEN,4700.0,07/09/2026,18:00
2026-09-07,19:01:06,38,BT CANAL LA PUNTA,1100.0,07/09/2026,18:00
2026-09-07,19:01:06,39,CANAL LA PÓLVORA,0.0,07/09/2026,18:00
2026-09-07,21:01:27,1,RÍO MAIPO,50600.0,07/09/2026,20:00
2026-09-07,21:01:27,3,REGADOR SCM,10.54,07/09/2026,20:00
2026-09-07,21:01:27,50,BT CANAL SAN CARLOS REGANTES,0.0,07/09/2026,21:00
2026-09-07,21:01:27,20,CANAL EYZAGUIRRE,4250.46,07/09/2026,20:00
2026-09-07,21:01:27,41,CANAL FLORIDA,14500.0,07/09/2026,20:00
2026-09-07,21:01:27,35,CANAL LAS PERDICES,2000.0,07/09/2026,20:00
2026-09-07,21:01:27,37,BT CANAL EL CARMEN,4800.0,07/09/2026,20:00
2026-09-07,21:01:27,38,BT CANAL LA PUNTA,1100.0,07/09/2026,20:00
2026-09-07,21:01:27,39,CANAL LA PÓLVORA,0.0,07/09/2026,20:00
2026-09-07,23:01:32,50,BT CANAL SAN CARLOS REGANTES,0.0,07/09/2026,23:00
2026-09-08,01:01:15,1,RÍO MAIPO,51900.0,07/09/2026,22:00
2026-09-08,01:01:15,3,REGADOR SCM,10.81,07/09/2026,22:00
2026-09-08,01:01:15,50,BT CANAL SAN CARLOS REGANTES,0.0,08/09/2026,01:00
2026-09-08,01:01:15,20,CANAL EYZAGUIRRE,4357.09,07/09/2026,22:00
2026-09-08,01:01:15,41,CANAL FLORIDA,16600.0,07/09/2026,22:00
2026-09-08,01:01:15,35,CANAL LAS PERDICES,2000.0,07/09/2026,22:00
2026-09-08,01:01:15,37,BT CANAL EL CARMEN,4800.0,07/09/2026,22:00
2026-09-08,01:01:15,38,BT CANAL LA PUNTA,1100.0,07/09/2026,22:00
2026-09-08,01:01:15,39,CANAL LA PÓLVORA,0.0,07/09/2026,22:00
2026-09-08,03:01:23,1,RÍO MAIPO,53300.0,08/09/2026,02:00
2026-09-08,03:01:23,3,REGADOR SCM,11.1,08/09/2026,02:00
2026-09-08,03:01:23,50,BT CANAL SAN CARLOS REGANTES,0.0,08/09/2026,03:00
2026-09-08,03:01:23,20,CANAL EYZAGUIRRE,4471.93,08/09/2026,02:00
2026-09-08,03:01:23,41,CANAL FLORIDA,16800.0,08/09/2026,02:00
2026-09-08,03:01:23,35,CANAL LAS PERDICES,2000.0,08/09/2026,02:00
2026-09-08,03:01:23,37,BT CANAL EL CARMEN,4800.0,08/09/2026,02:00
2026-09-08,03:01:23,38,BT CANAL LA PUNTA,1100.0,08/09/2026,02:00
2026-09-08,03:01:23,39,CANAL LA PÓLVORA,0.0,08/09/2026,02:00
2026-09-08,05:01:11,1,RÍO MAIPO,52200.0,08/09/2026,04:00
2026-09-08,05:01:11,3,REGADOR SCM,10.87,08/09/2026,04:00
2026-09-08,05:01:11,50,BT CANAL SAN CARLOS REGANTES,0.0,08/09/2026,05:00
2026-09-08,05:01:11,20,CANAL EYZAGUIRRE,4381.7,08/09/2026,04:00
2026-09-08,05:01:11,41,CANAL FLORIDA,15400.0,08/09/2026,04:00
2026-09-08,05:01:11,35,CANAL LAS PERDICES,2000.0,08/09/2026,04:00
2026-09-08,05:01:11,37,BT CANAL EL CARMEN,4800.0,08/09/2026,04:00
2026-09-08,05:01:11,38,BT CANAL LA PUNTA,1100.0,08/09/2026,04:00
2026-09-08,05:01:11,39,CANAL LA PÓLVORA,0.0,08/09/2026,04:00
2026-09-08,07:01:38,1,RÍO MAIPO,52400.0,08/09/2026,06:00
2026-09-08,07:01:38,3,REGADOR SCM,10.92,08/09/2026,06:00
2026-09-08,07:01:38,50,BT CANAL SAN CARLOS REGANTES,0.0,08/09/2026,07:00
2026-09-08,07:01:38,20,CANAL EYZAGUIRRE,4398.11,08/09/2026,06:00
2026-09-08,07:01:38,41,CANAL FLORIDA,14900.0,08/09/2026,06:00
2026-09-08,07:01:38,35,CANAL LAS PERDICES,2000.0,08/09/2026,06:00
2026-09-08,07:01:38,37,BT CANAL EL CARMEN,5000.0,08/09/2026,06:00
2026-09-08,07:01:38,38,BT CANAL LA PUNTA,1100.0,08/09/2026,06:00
2026-09-08,07:01:38,39,CANAL LA PÓLVORA,0.0,08/09/2026,06:00
2026-09-08,09:01:38,1,RÍO MAIPO,53200.0,08/09/2026,08:00
2026-09-08,09:01:38,3,REGADOR SCM,11.08,08/09/2026,08:00
2026-09-08,09:01:38,50,BT CANAL SAN CARLOS REGANTES,0.0,08/09/2026,09:00
2026-09-08,09:01:38,20,CANAL EYZAGUIRRE,4463.73,08/09/2026,08:00
2026-09-08,09:01:38,41,CANAL FLORIDA,16500.0,08/09/2026,08:00
2026-09-08,09:01:38,35,CANAL LAS PERDICES,2000.0,08/09/2026,08:00
2026-09-08,09:01:38,37,BT CANAL EL CARMEN,5000.0,08/09/2026,08:00
2026-09-08,09:01:38,38,BT CANAL LA PUNTA,1100.0,08/09/2026,08:00
2026-09-08,09:01:38,39,CANAL LA PÓLVORA,0.0,08/09/2026,08:00
2026-09-08,11:02:08,1,RÍO MAIPO,52400.0,08/09/2026,10:00
2026-09-08,11:02:08,3,REGADOR SCM,10.92,08/09/2026,10:00
2026-09-08,11:02:08,50,BT CANAL SAN CARLOS REGANTES,0.0,08/09/2026,11:00
2026-09-08,11:02:08,20,CANAL EYZAGUIRRE,4398.11,08/09/2026,10:00
2026-09-08,11:02:08,41,CANAL FLORIDA,15600.0,08/09/2026,10:00
2026-09-08,11:02:08,35,CANAL LAS PERDICES,2000.0,08/09/2026,10:00
2026-09-08,11:02:08,37,BT CANAL EL CARMEN,5200.0,08/09/2026,10:00
2026-09-08,11:02:08,38,BT CANAL LA PUNTA,1400.0,08/09/2026,10:00
2026-09-08,11:02:08,39,CANAL LA PÓLVORA,0.0,08/09/2026,10:00
2026-09-08,13:01:52,50,BT CANAL SAN CARLOS REGANTES,0.0,08/09/2026,13:00
2026-09-08,15:01:29,1,RÍO MAIPO,51200.0,08/09/2026,14:00
2026-09-08,15:01:29,3,REGADOR SCM,10.67,08/09/2026,14:00
2026-09-08,15:01:29,50,BT CANAL SAN CARLOS REGANTES,0.0,08/09/2026,15:00
2026-09-08,15:01:29,20,CANAL EYZAGUIRRE,4299.68,08/09/2026,14:00
2026-09-08,15:01:29,41,CANAL FLORIDA,15600.0,08/09/2026,14:00
2026-09-08,15:01:29,35,CANAL LAS PERDICES,2000.0,08/09/2026,14:00
2026-09-08,15:01:29,37,BT CANAL EL CARMEN,5500.0,08/09/2026,14:00
2026-09-08,15:01:29,38,BT CANAL LA PUNTA,1500.0,08/09/2026,14:00
2026-09-08,15:01:29,39,CANAL LA PÓLVORA,0.0,08/09/2026,14:00
2026-09-08,17:01:06,1,RÍO MAIPO,51500.0,08/09/2026,16:00
2026-09-08,17:01:06,3,REGADOR SCM,10.73,08/09/2026,16:00
2026-09-08,17:01:06,50,BT CANAL SAN CARLOS REGANTES,0.0,08/09/2026,17:00
2026-09-08,17:01:06,20,CANAL EYZAGUIRRE,4324.28,08/09/2026,16:00
2026-09-08,17:01:06,41,CANAL FLORIDA,14800.0,08/09/2026,16:00
2026-09-08,17:01:06,35,CANAL LAS PERDICES,2000.0,08/09/2026,16:00
2026-09-08,17:01:06,37,BT CANAL EL CARMEN,5500.0,08/09/2026,16:00
2026-09-08,17:01:06,38,BT CANAL LA PUNTA,1400.0,08/09/2026,16:00
2026-09-08,17:01:06,39,CANAL LA PÓLVORA,0.0,08/09/2026,16:00
2026-09-08,19:01:01,1,RÍO MAIPO,51100.0,08/09/2026,18:00
2026-09-08,19:01:01,3,REGADOR SCM,10.64,08/09/2026,18:00
2026-09-08,19:01:01,50,BT CANAL SAN CARLOS REGANTES,0.0,08/09/2026,19:00
2026-09-08,19:01:01,20,CANAL EYZAGUIRRE,4291.47,08/09/2026,18:00
2026-09-08,19:01:01,41,CANAL FLORIDA,14400.0,08/09/2026,18:00
2026-09-08,19:01:01,35,CANAL LAS PERDICES,2000.0,08/09/2026,18:00
2026-09-08,19:01:01,37,BT CANAL EL CARMEN,5500.0,08/09/2026,18:00
2026-09-08,19:01:01,38,BT CANAL LA PUNTA,1400.0,08/09/2026,18:00
2026-09-08,19:01:01,39,CANAL LA PÓLVORA,0.0,08/09/2026,18:00
2026-09-08,21:01:39,1,RÍO MAIPO,51900.0,08/09/2026,20:00
2026-09-08,21:01:39,3,REGADOR SCM,10.81,08/09/2026,20:00
2026-09-08,21:01:39,50,BT CANAL SAN CARLOS REGANTES,0.0,08/09/2026,21:00
2026-09-08,21:01:39,20,CANAL EYZAGUIRRE,4357.09,08/09/2026,20:00
2026-09-08,21:01:39,41,CANAL FLORIDA,14000.0,08/09/2026,20:00
2026-09-08,21:01:39,35,CANAL LAS PERDICES,2000.0,08/09/2026,20:00
2026-09-08,21:01:39,37,BT CANAL EL CARMEN,5500.0,08/09/2026,20:00
2026-09-08,21:01:39,38,BT CANAL LA PUNTA,1400.0,08/09/2026,20:00
2026-09-08,21:01:39,39,CANAL LA PÓLVORA,0.0,08/09/2026,20:00
2026-09-08,23:01:26,50,BT CANAL SAN CARLOS REGANTES,0.0,08/09/2026,23:00
2026-09-09,01:01:31,1,RÍO MAIPO,52000.0,08/09/2026,22:00
2026-09-09,01:01:31,3,REGADOR SCM,10.83,08/09/2026,22:00
2026-09-09,01:01:31,50,BT CANAL SAN CARLOS REGANTES,0.0,09/09/2026,01:00
2026-09-09,01:01:31,20,CANAL EYZAGUIRRE,4365.3,08/09/2026,22:00
2026-09-09,01:01:31,41,CANAL FLORIDA,15300.0,08/09/2026,22:00
2026-09-09,01:01:31,35,CANAL LAS PERDICES,2000.0,08/09/2026,22:00
2026-09-09,01:01:31,37,BT CANAL EL CARMEN,5300.0,08/09/2026,22:00
2026-09-09,01:01:31,38,BT CANAL LA PUNTA,1400.0,08/09/2026,22:00
2026-09-09,01:01:31,39,CANAL LA PÓLVORA,0.0,08/09/2026,22:00
2026-09-09,03:01:28,50,BT CANAL SAN CARLOS REGANTES,0.0,09/09/2026,03:00
2026-09-09,05:01:22,1,RÍO MAIPO,52500.0,09/09/2026,02:00
2026-09-09,05:01:22,3,REGADOR SCM,10.94,09/09/2026,02:00
2026-09-09,05:01:22,50,BT CANAL SAN CARLOS REGANTES,0.0,09/09/2026,05:00
2026-09-09,05:01:22,20,CANAL EYZAGUIRRE,4406.31,09/09/2026,02:00
2026-09-09,05:01:22,41,CANAL FLORIDA,14700.0,09/09/2026,02:00
2026-09-09,05:01:22,35,CANAL LAS PERDICES,2000.0,09/09/2026,02:00
2026-09-09,05:01:22,37,BT CANAL EL CARMEN,5500.0,09/09/2026,02:00
2026-09-09,05:01:22,38,BT CANAL LA PUNTA,1400.0,09/09/2026,02:00
2026-09-09,05:01:22,39,CANAL LA PÓLVORA,0.0,09/09/2026,02:00
2026-09-09,07:02:10,1,RÍO MAIPO,52000,09/09/2026,06:00
2026-09-09,07:02:10,3,REGADOR SCM,10.83,09/09/2026,06:00
2026-09-09,07:02:10,50,BT CANAL SAN CARLOS REGANTES,0.0000,09/09/2026,07:00
2026-09-09,07:02:10,20,CANAL EYZAGUIRRE,4365.3,09/09/2026,06:00
2026-09-09,07:02:10,41,CANAL FLORIDA,14600,09/09/2026,06:00
2026-09-09,07:02:10,35,CANAL LAS PERDICES,2000,09/09/2026,06:00
2026-09-09,07:02:10,37,BT CANAL EL CARMEN,5500,09/09/2026,06:00
2026-09-09,07:02:10,38,BT CANAL LA PUNTA,1400,09/09/2026,06:00
2026-09-09,07:02:10,39,CANAL LA PÓLVORA,0,09/09/2026,06:00
